customer_id,signup_date,region,acquisition_channel,plan_type,monthly_price,subscription_status,sub_start_date,sub_end_date,frequency,total_revenue,last_transaction_date,recency_days,tenure_days,is_churned,avg_region_revenue,region_spend_rank
542,2024-01-03,Asia-Pacific,Organic Search,Premium,75.0,Active,2024-01-03,,32,2400.0,2026-07-21,11,941,0,558.3484162895927,1
941,2024-01-08,Asia-Pacific,Referral,Premium,75.0,Active,2024-01-08,,32,2400.0,2026-07-26,6,936,0,558.3484162895927,2
514,2024-01-15,Asia-Pacific,Paid Ads,Premium,75.0,Active,2024-01-15,,31,2325.0,2026-07-03,29,929,0,558.3484162895927,3
268,2024-02-22,Asia-Pacific,Referral,Premium,75.0,Active,2024-02-22,,30,2250.0,2026-07-11,21,891,0,558.3484162895927,4
180,2024-04-29,Asia-Pacific,Social Media,Premium,75.0,Active,2024-04-29,,28,2100.0,2026-07-18,14,824,0,558.3484162895927,5
485,2024-04-22,Asia-Pacific,Paid Ads,Premium,75.0,Active,2024-04-22,,28,2100.0,2026-07-11,21,831,0,558.3484162895927,6
131,2024-06-11,Asia-Pacific,Paid Ads,Premium,75.0,Active,2024-06-11,,27,2025.0,2026-07-31,1,781,0,558.3484162895927,7
526,2024-06-06,Asia-Pacific,Referral,Premium,75.0,Active,2024-06-06,,27,2025.0,2026-07-26,6,786,0,558.3484162895927,8
686,2024-06-07,Asia-Pacific,Social Media,Premium,75.0,Active,2024-06-07,,27,2025.0,2026-07-27,5,785,0,558.3484162895927,9
736,2024-06-15,Asia-Pacific,Organic Search,Premium,75.0,Active,2024-06-15,,26,1950.0,2026-07-05,27,777,0,558.3484162895927,10
427,2024-07-20,Asia-Pacific,Organic Search,Premium,75.0,Active,2024-07-20,,25,1875.0,2026-07-10,22,742,0,558.3484162895927,11
289,2024-10-29,Asia-Pacific,Paid Ads,Premium,75.0,Active,2024-10-29,,22,1650.0,2026-07-21,11,641,0,558.3484162895927,12
530,2024-10-19,Asia-Pacific,Organic Search,Premium,75.0,Active,2024-10-19,,22,1650.0,2026-07-11,21,651,0,558.3484162895927,13
900,2024-10-27,Asia-Pacific,Organic Search,Premium,75.0,Active,2024-10-27,,22,1650.0,2026-07-19,13,643,0,558.3484162895927,14
634,2024-12-18,Asia-Pacific,Organic Search,Premium,75.0,Active,2024-12-18,,20,1500.0,2026-07-11,21,591,0,558.3484162895927,15
1084,2024-12-19,Asia-Pacific,Paid Ads,Premium,75.0,Active,2024-12-19,,20,1500.0,2026-07-12,20,590,0,558.3484162895927,16
262,2025-01-31,Asia-Pacific,Paid Ads,Premium,75.0,Active,2025-01-31,,19,1425.0,2026-07-25,7,547,0,558.3484162895927,17
965,2025-03-29,Asia-Pacific,Organic Search,Premium,75.0,Active,2025-03-29,,17,1275.0,2026-07-22,10,490,0,558.3484162895927,18
755,2025-04-10,Asia-Pacific,Social Media,Premium,75.0,Active,2025-04-10,,16,1200.0,2026-07-04,28,478,0,558.3484162895927,19
906,2025-05-06,Asia-Pacific,Paid Ads,Premium,75.0,Active,2025-05-06,,16,1200.0,2026-07-30,2,452,0,558.3484162895927,20
277,2025-05-10,Asia-Pacific,Social Media,Premium,75.0,Active,2025-05-10,,15,1125.0,2026-07-04,28,448,0,558.3484162895927,21
944,2024-01-12,Asia-Pacific,Paid Ads,Standard,35.0,Active,2024-01-12,,32,1120.0,2026-07-30,2,932,0,558.3484162895927,22
546,2024-01-29,Asia-Pacific,Social Media,Standard,35.0,Active,2024-01-29,,31,1085.0,2026-07-17,15,915,0,558.3484162895927,23
377,2024-02-16,Asia-Pacific,Referral,Standard,35.0,Active,2024-02-16,,30,1050.0,2026-07-05,27,897,0,558.3484162895927,24
453,2024-03-07,Asia-Pacific,Paid Ads,Standard,35.0,Active,2024-03-07,,30,1050.0,2026-07-25,7,877,0,558.3484162895927,25
590,2024-02-27,Asia-Pacific,Organic Search,Standard,35.0,Active,2024-02-27,,30,1050.0,2026-07-16,16,886,0,558.3484162895927,26
512,2024-04-07,Asia-Pacific,Paid Ads,Standard,35.0,Active,2024-04-07,,29,1015.0,2026-07-26,6,846,0,558.3484162895927,27
986,2024-03-29,Asia-Pacific,Organic Search,Standard,35.0,Active,2024-03-29,,29,1015.0,2026-07-17,15,855,0,558.3484162895927,28
329,2024-04-15,Asia-Pacific,Social Media,Standard,35.0,Active,2024-04-15,,28,980.0,2026-07-04,28,838,0,558.3484162895927,29
554,2024-04-24,Asia-Pacific,Paid Ads,Standard,35.0,Active,2024-04-24,,28,980.0,2026-07-13,19,829,0,558.3484162895927,30
749,2024-04-30,Asia-Pacific,Organic Search,Standard,35.0,Active,2024-04-30,,28,980.0,2026-07-19,13,823,0,558.3484162895927,31
1078,2024-04-20,Asia-Pacific,Organic Search,Standard,35.0,Active,2024-04-20,,28,980.0,2026-07-09,23,833,0,558.3484162895927,32
133,2024-05-14,Asia-Pacific,Paid Ads,Standard,35.0,Active,2024-05-14,,27,945.0,2026-07-03,29,809,0,558.3484162895927,33
212,2024-05-21,Asia-Pacific,Paid Ads,Standard,35.0,Active,2024-05-21,,27,945.0,2026-07-10,22,802,0,558.3484162895927,34
294,2024-05-23,Asia-Pacific,Social Media,Standard,35.0,Active,2024-05-23,,27,945.0,2026-07-12,20,800,0,558.3484162895927,35
500,2024-05-28,Asia-Pacific,Referral,Standard,35.0,Active,2024-05-28,,27,945.0,2026-07-17,15,795,0,558.3484162895927,36
533,2024-06-01,Asia-Pacific,Organic Search,Standard,35.0,Active,2024-06-01,,27,945.0,2026-07-21,11,791,0,558.3484162895927,37
796,2024-05-28,Asia-Pacific,Organic Search,Standard,35.0,Active,2024-05-28,,27,945.0,2026-07-17,15,795,0,558.3484162895927,38
851,2024-05-23,Asia-Pacific,Referral,Standard,35.0,Active,2024-05-23,,27,945.0,2026-07-12,20,800,0,558.3484162895927,39
309,2024-06-25,Asia-Pacific,Paid Ads,Standard,35.0,Active,2024-06-25,,26,910.0,2026-07-15,17,767,0,558.3484162895927,40
382,2024-06-16,Asia-Pacific,Organic Search,Standard,35.0,Active,2024-06-16,,26,910.0,2026-07-06,26,776,0,558.3484162895927,41
424,2024-06-30,Asia-Pacific,Paid Ads,Standard,35.0,Active,2024-06-30,,26,910.0,2026-07-20,12,762,0,558.3484162895927,42
434,2024-06-25,Asia-Pacific,Organic Search,Standard,35.0,Active,2024-06-25,,26,910.0,2026-07-15,17,767,0,558.3484162895927,43
685,2024-06-24,Asia-Pacific,Organic Search,Standard,35.0,Active,2024-06-24,,26,910.0,2026-07-14,18,768,0,558.3484162895927,44
922,2024-07-10,Asia-Pacific,Paid Ads,Standard,35.0,Active,2024-07-10,,26,910.0,2026-07-30,2,752,0,558.3484162895927,45
1081,2024-06-13,Asia-Pacific,Organic Search,Standard,35.0,Active,2024-06-13,,26,910.0,2026-07-03,29,779,0,558.3484162895927,46
125,2024-07-26,Asia-Pacific,Paid Ads,Standard,35.0,Active,2024-07-26,,25,875.0,2026-07-16,16,736,0,558.3484162895927,47
350,2024-08-03,Asia-Pacific,Organic Search,Standard,35.0,Active,2024-08-03,,25,875.0,2026-07-24,8,728,0,558.3484162895927,48
761,2024-07-14,Asia-Pacific,Organic Search,Standard,35.0,Active,2024-07-14,,25,875.0,2026-07-04,28,748,0,558.3484162895927,49
899,2024-08-04,Asia-Pacific,Organic Search,Standard,35.0,Active,2024-08-04,,25,875.0,2026-07-25,7,727,0,558.3484162895927,50
465,2024-08-13,Asia-Pacific,Organic Search,Standard,35.0,Active,2024-08-13,,24,840.0,2026-07-04,28,718,0,558.3484162895927,51
459,2024-05-30,Asia-Pacific,Organic Search,Premium,75.0,Cancelled,2024-05-30,2025-04-22,11,825.0,2025-03-26,493,327,1,558.3484162895927,52
716,2024-09-19,Asia-Pacific,Paid Ads,Premium,75.0,Cancelled,2024-09-19,2025-08-14,11,825.0,2025-07-16,381,329,1,558.3484162895927,53
147,2024-10-10,Asia-Pacific,Organic Search,Standard,35.0,Active,2024-10-10,,23,805.0,2026-08-01,0,660,0,558.3484162895927,54
280,2024-10-01,Asia-Pacific,Paid Ads,Standard,35.0,Active,2024-10-01,,23,805.0,2026-07-23,9,669,0,558.3484162895927,55
390,2024-09-23,Asia-Pacific,Organic Search,Standard,35.0,Active,2024-09-23,,23,805.0,2026-07-15,17,677,0,558.3484162895927,56
443,2024-09-13,Asia-Pacific,Paid Ads,Standard,35.0,Active,2024-09-13,,23,805.0,2026-07-05,27,687,0,558.3484162895927,57
1079,2024-09-29,Asia-Pacific,Paid Ads,Standard,35.0,Active,2024-09-29,,23,805.0,2026-07-21,11,671,0,558.3484162895927,58
556,2024-10-15,Asia-Pacific,Referral,Standard,35.0,Active,2024-10-15,,22,770.0,2026-07-07,25,655,0,558.3484162895927,59
745,2024-10-17,Asia-Pacific,Paid Ads,Standard,35.0,Active,2024-10-17,,22,770.0,2026-07-09,23,653,0,558.3484162895927,60
352,2024-04-20,Asia-Pacific,Referral,Premium,75.0,Cancelled,2024-04-20,2025-02-05,10,750.0,2025-01-15,563,291,1,558.3484162895927,61
508,2024-08-02,Asia-Pacific,Referral,Premium,75.0,Cancelled,2024-08-02,2025-05-03,10,750.0,2025-04-29,459,274,1,558.3484162895927,62
696,2024-11-25,Asia-Pacific,Paid Ads,Standard,35.0,Active,2024-11-25,,21,735.0,2026-07-18,14,614,0,558.3484162895927,63
628,2024-12-21,Asia-Pacific,Social Media,Standard,35.0,Active,2024-12-21,,20,700.0,2026-07-14,18,588,0,558.3484162895927,64
644,2024-12-20,Asia-Pacific,Paid Ads,Standard,35.0,Active,2024-12-20,,20,700.0,2026-07-13,19,589,0,558.3484162895927,65
753,2024-12-25,Asia-Pacific,Organic Search,Standard,35.0,Active,2024-12-25,,20,700.0,2026-07-18,14,584,0,558.3484162895927,66
886,2024-12-30,Asia-Pacific,Organic Search,Standard,35.0,Active,2024-12-30,,20,700.0,2026-07-23,9,579,0,558.3484162895927,67
1049,2024-12-25,Asia-Pacific,Organic Search,Standard,35.0,Active,2024-12-25,,20,700.0,2026-07-18,14,584,0,558.3484162895927,68
823,2024-08-10,Asia-Pacific,Organic Search,Premium,75.0,Cancelled,2024-08-10,2025-04-24,9,675.0,2025-04-07,481,257,1,558.3484162895927,69
580,2025-02-19,Asia-Pacific,Referral,Standard,35.0,Active,2025-02-19,,18,630.0,2026-07-14,18,528,0,558.3484162895927,70
859,2025-02-21,Asia-Pacific,Referral,Standard,35.0,Active,2025-02-21,,18,630.0,2026-07-16,16,526,0,558.3484162895927,71
915,2025-02-26,Asia-Pacific,Paid Ads,Standard,35.0,Active,2025-02-26,,18,630.0,2026-07-21,11,521,0,558.3484162895927,72
947,2025-02-15,Asia-Pacific,Paid Ads,Standard,35.0,Active,2025-02-15,,18,630.0,2026-07-10,22,532,0,558.3484162895927,73
977,2025-02-27,Asia-Pacific,Social Media,Standard,35.0,Active,2025-02-27,,18,630.0,2026-07-22,10,520,0,558.3484162895927,74
163,2025-03-14,Asia-Pacific,Organic Search,Standard,35.0,Active,2025-03-14,,17,595.0,2026-07-07,25,505,0,558.3484162895927,75
373,2025-03-16,Asia-Pacific,Paid Ads,Standard,35.0,Active,2025-03-16,,17,595.0,2026-07-09,23,503,0,558.3484162895927,76
353,2025-05-07,Asia-Pacific,Paid Ads,Standard,35.0,Active,2025-05-07,,16,560.0,2026-07-31,1,451,0,558.3484162895927,77
404,2025-04-29,Asia-Pacific,Organic Search,Standard,35.0,Active,2025-04-29,,16,560.0,2026-07-23,9,459,0,558.3484162895927,78
513,2025-04-18,Asia-Pacific,Organic Search,Standard,35.0,Active,2025-04-18,,16,560.0,2026-07-12,20,470,0,558.3484162895927,79
997,2025-04-26,Asia-Pacific,Paid Ads,Standard,35.0,Active,2025-04-26,,16,560.0,2026-07-20,12,462,0,558.3484162895927,80
846,2024-02-13,Asia-Pacific,Paid Ads,Premium,75.0,Cancelled,2024-02-13,2024-09-08,7,525.0,2024-08-11,720,208,1,558.3484162895927,81
347,2024-01-08,Asia-Pacific,Organic Search,Basic,15.0,Active,2024-01-08,,32,480.0,2026-07-26,6,936,0,558.3484162895927,82
395,2024-01-14,Asia-Pacific,Paid Ads,Basic,15.0,Active,2024-01-14,,32,480.0,2026-08-01,0,930,0,558.3484162895927,83
562,2024-01-31,Asia-Pacific,Organic Search,Basic,15.0,Active,2024-01-31,,31,465.0,2026-07-19,13,913,0,558.3484162895927,84
701,2024-02-12,Asia-Pacific,Social Media,Basic,15.0,Active,2024-02-12,,31,465.0,2026-07-31,1,901,0,558.3484162895927,85
946,2024-01-21,Asia-Pacific,Paid Ads,Basic,15.0,Active,2024-01-21,,31,465.0,2026-07-09,23,923,0,558.3484162895927,86
130,2024-03-03,Asia-Pacific,Referral,Basic,15.0,Active,2024-03-03,,30,450.0,2026-07-21,11,881,0,558.3484162895927,87
141,2024-03-03,Asia-Pacific,Paid Ads,Basic,15.0,Active,2024-03-03,,30,450.0,2026-07-21,11,881,0,558.3484162895927,88
312,2024-12-16,Asia-Pacific,Social Media,Premium,75.0,Cancelled,2024-12-16,2025-05-26,6,450.0,2025-05-15,443,161,1,558.3484162895927,89
345,2024-02-25,Asia-Pacific,Social Media,Basic,15.0,Active,2024-02-25,,30,450.0,2026-07-14,18,888,0,558.3484162895927,90
421,2024-02-20,Asia-Pacific,Social Media,Basic,15.0,Active,2024-02-20,,30,450.0,2026-07-09,23,893,0,558.3484162895927,91
735,2024-03-08,Asia-Pacific,Paid Ads,Basic,15.0,Active,2024-03-08,,30,450.0,2026-07-26,6,876,0,558.3484162895927,92
903,2024-03-10,Asia-Pacific,Organic Search,Basic,15.0,Active,2024-03-10,,30,450.0,2026-07-28,4,874,0,558.3484162895927,93
587,2024-04-01,Asia-Pacific,Social Media,Basic,15.0,Active,2024-04-01,,29,435.0,2026-07-20,12,852,0,558.3484162895927,94
815,2024-03-27,Asia-Pacific,Organic Search,Basic,15.0,Active,2024-03-27,,29,435.0,2026-07-15,17,857,0,558.3484162895927,95
406,2024-05-02,Asia-Pacific,Organic Search,Basic,15.0,Active,2024-05-02,,28,420.0,2026-07-21,11,821,0,558.3484162895927,96
478,2024-05-13,Asia-Pacific,Organic Search,Basic,15.0,Active,2024-05-13,,28,420.0,2026-08-01,0,810,0,558.3484162895927,97
564,2024-03-22,Asia-Pacific,Social Media,Standard,35.0,Cancelled,2024-03-22,2025-02-18,12,420.0,2025-02-15,532,333,1,558.3484162895927,98
688,2024-01-19,Asia-Pacific,Referral,Standard,35.0,Cancelled,2024-01-19,2025-01-02,12,420.0,2024-12-14,595,349,1,558.3484162895927,99
733,2024-05-04,Asia-Pacific,Referral,Basic,15.0,Active,2024-05-04,,28,420.0,2026-07-23,9,819,0,558.3484162895927,100
867,2024-04-28,Asia-Pacific,Paid Ads,Basic,15.0,Active,2024-04-28,,28,420.0,2026-07-17,15,825,0,558.3484162895927,101
873,2024-04-18,Asia-Pacific,Social Media,Basic,15.0,Active,2024-04-18,,28,420.0,2026-07-07,25,835,0,558.3484162895927,102
560,2024-06-03,Asia-Pacific,Organic Search,Basic,15.0,Active,2024-06-03,,27,405.0,2026-07-23,9,789,0,558.3484162895927,103
723,2024-05-31,Asia-Pacific,Paid Ads,Basic,15.0,Active,2024-05-31,,27,405.0,2026-07-20,12,792,0,558.3484162895927,104
880,2024-05-27,Asia-Pacific,Organic Search,Basic,15.0,Active,2024-05-27,,27,405.0,2026-07-16,16,796,0,558.3484162895927,105
230,2024-07-07,Asia-Pacific,Paid Ads,Basic,15.0,Active,2024-07-07,,26,390.0,2026-07-27,5,755,0,558.3484162895927,106
274,2024-06-22,Asia-Pacific,Organic Search,Basic,15.0,Active,2024-06-22,,26,390.0,2026-07-12,20,770,0,558.3484162895927,107
847,2024-07-07,Asia-Pacific,Paid Ads,Basic,15.0,Active,2024-07-07,,26,390.0,2026-07-27,5,755,0,558.3484162895927,108
866,2024-07-06,Asia-Pacific,Organic Search,Basic,15.0,Active,2024-07-06,,26,390.0,2026-07-26,6,756,0,558.3484162895927,109
509,2025-01-06,Asia-Pacific,Paid Ads,Standard,35.0,Cancelled,2025-01-06,2025-11-21,11,385.0,2025-11-02,272,319,1,558.3484162895927,110
679,2024-08-19,Asia-Pacific,Organic Search,Standard,35.0,Cancelled,2024-08-19,2025-07-13,11,385.0,2025-06-15,412,328,1,558.3484162895927,111
1004,2025-02-09,Asia-Pacific,Social Media,Standard,35.0,Cancelled,2025-02-09,2025-12-24,11,385.0,2025-12-06,238,318,1,558.3484162895927,112
122,2024-07-20,Asia-Pacific,Paid Ads,Basic,15.0,Active,2024-07-20,,25,375.0,2026-07-10,22,742,0,558.3484162895927,113
179,2024-07-26,Asia-Pacific,Social Media,Basic,15.0,Active,2024-07-26,,25,375.0,2026-07-16,16,736,0,558.3484162895927,114
254,2024-08-04,Asia-Pacific,Organic Search,Basic,15.0,Active,2024-08-04,,25,375.0,2026-07-25,7,727,0,558.3484162895927,115
576,2024-07-28,Asia-Pacific,Social Media,Basic,15.0,Active,2024-07-28,,25,375.0,2026-07-18,14,734,0,558.3484162895927,116
724,2024-07-20,Asia-Pacific,Referral,Basic,15.0,Active,2024-07-20,,25,375.0,2026-07-10,22,742,0,558.3484162895927,117
853,2024-08-11,Asia-Pacific,Referral,Basic,15.0,Active,2024-08-11,,25,375.0,2026-08-01,0,720,0,558.3484162895927,118
980,2024-07-19,Asia-Pacific,Social Media,Basic,15.0,Active,2024-07-19,,25,375.0,2026-07-09,23,743,0,558.3484162895927,119
489,2024-08-14,Asia-Pacific,Social Media,Basic,15.0,Active,2024-08-14,,24,360.0,2026-07-05,27,717,0,558.3484162895927,120
550,2024-09-07,Asia-Pacific,Paid Ads,Basic,15.0,Active,2024-09-07,,24,360.0,2026-07-29,3,693,0,558.3484162895927,121
639,2024-09-06,Asia-Pacific,Paid Ads,Basic,15.0,Active,2024-09-06,,24,360.0,2026-07-28,4,694,0,558.3484162895927,122
673,2024-08-21,Asia-Pacific,Organic Search,Basic,15.0,Active,2024-08-21,,24,360.0,2026-07-12,20,710,0,558.3484162895927,123
737,2024-08-16,Asia-Pacific,Organic Search,Basic,15.0,Active,2024-08-16,,24,360.0,2026-07-07,25,715,0,558.3484162895927,124
499,2024-03-20,Asia-Pacific,Referral,Standard,35.0,Cancelled,2024-03-20,2024-12-17,10,350.0,2024-12-15,594,272,1,558.3484162895927,125
320,2024-09-24,Asia-Pacific,Social Media,Basic,15.0,Active,2024-09-24,,23,345.0,2026-07-16,16,676,0,558.3484162895927,126
337,2024-10-07,Asia-Pacific,Paid Ads,Basic,15.0,Active,2024-10-07,,23,345.0,2026-07-29,3,663,0,558.3484162895927,127
471,2024-10-04,Asia-Pacific,Social Media,Basic,15.0,Active,2024-10-04,,23,345.0,2026-07-26,6,666,0,558.3484162895927,128
1002,2024-10-02,Asia-Pacific,Paid Ads,Basic,15.0,Active,2024-10-02,,23,345.0,2026-07-24,8,668,0,558.3484162895927,129
187,2024-10-30,Asia-Pacific,Paid Ads,Basic,15.0,Active,2024-10-30,,22,330.0,2026-07-22,10,640,0,558.3484162895927,130
209,2024-11-01,Asia-Pacific,Social Media,Basic,15.0,Active,2024-11-01,,22,330.0,2026-07-24,8,638,0,558.3484162895927,131
391,2024-10-12,Asia-Pacific,Organic Search,Basic,15.0,Active,2024-10-12,,22,330.0,2026-07-04,28,658,0,558.3484162895927,132
419,2024-10-19,Asia-Pacific,Organic Search,Basic,15.0,Active,2024-10-19,,22,330.0,2026-07-11,21,651,0,558.3484162895927,133
558,2024-10-30,Asia-Pacific,Social Media,Basic,15.0,Active,2024-10-30,,22,330.0,2026-07-22,10,640,0,558.3484162895927,134
660,2024-10-31,Asia-Pacific,Social Media,Basic,15.0,Active,2024-10-31,,22,330.0,2026-07-23,9,639,0,558.3484162895927,135
840,2024-10-28,Asia-Pacific,Referral,Basic,15.0,Active,2024-10-28,,22,330.0,2026-07-20,12,642,0,558.3484162895927,136
921,2024-10-20,Asia-Pacific,Paid Ads,Basic,15.0,Active,2024-10-20,,22,330.0,2026-07-12,20,650,0,558.3484162895927,137
1025,2024-10-27,Asia-Pacific,Social Media,Basic,15.0,Active,2024-10-27,,22,330.0,2026-07-19,13,643,0,558.3484162895927,138
410,2024-11-27,Asia-Pacific,Organic Search,Basic,15.0,Active,2024-11-27,,21,315.0,2026-07-20,12,612,0,558.3484162895927,139
417,2024-04-13,Asia-Pacific,Social Media,Standard,35.0,Cancelled,2024-04-13,2024-12-15,9,315.0,2024-12-09,600,246,1,558.3484162895927,140
474,2024-12-06,Asia-Pacific,Paid Ads,Basic,15.0,Active,2024-12-06,,21,315.0,2026-07-29,3,603,0,558.3484162895927,141
594,2025-04-17,Asia-Pacific,Referral,Standard,35.0,Cancelled,2025-04-17,2025-12-17,9,315.0,2025-12-13,231,244,1,558.3484162895927,142
993,2025-05-08,Asia-Pacific,Paid Ads,Standard,35.0,Cancelled,2025-05-08,2026-01-06,9,315.0,2026-01-03,210,243,1,558.3484162895927,143
1027,2024-12-08,Asia-Pacific,Social Media,Basic,15.0,Active,2024-12-08,,21,315.0,2026-07-31,1,601,0,558.3484162895927,144
1098,2024-12-02,Asia-Pacific,Social Media,Basic,15.0,Active,2024-12-02,,21,315.0,2026-07-25,7,607,0,558.3484162895927,145
119,2024-12-25,Asia-Pacific,Paid Ads,Basic,15.0,Active,2024-12-25,,20,300.0,2026-07-18,14,584,0,558.3484162895927,146
396,2024-12-18,Asia-Pacific,Paid Ads,Basic,15.0,Active,2024-12-18,,20,300.0,2026-07-11,21,591,0,558.3484162895927,147
440,2025-01-13,Asia-Pacific,Paid Ads,Premium,75.0,Cancelled,2025-01-13,2025-05-02,4,300.0,2025-04-13,475,109,1,558.3484162895927,148
635,2024-07-31,Asia-Pacific,Referral,Premium,75.0,Cancelled,2024-07-31,2024-11-22,4,300.0,2024-10-29,641,114,1,558.3484162895927,149
476,2025-01-12,Asia-Pacific,Organic Search,Basic,15.0,Active,2025-01-12,,19,285.0,2026-07-06,26,566,0,558.3484162895927,150
579,2025-01-29,Asia-Pacific,Paid Ads,Basic,15.0,Active,2025-01-29,,19,285.0,2026-07-23,9,549,0,558.3484162895927,151
598,2025-02-07,Asia-Pacific,Paid Ads,Basic,15.0,Active,2025-02-07,,19,285.0,2026-08-01,0,540,0,558.3484162895927,152
924,2025-01-17,Asia-Pacific,Referral,Basic,15.0,Active,2025-01-17,,19,285.0,2026-07-11,21,561,0,558.3484162895927,153
535,2025-01-07,Asia-Pacific,Organic Search,Standard,35.0,Cancelled,2025-01-07,2025-08-25,8,280.0,2025-08-05,361,230,1,558.3484162895927,154
661,2024-06-04,Asia-Pacific,Paid Ads,Standard,35.0,Cancelled,2024-06-04,2025-01-08,8,280.0,2024-12-31,578,218,1,558.3484162895927,155
830,2025-02-03,Asia-Pacific,Referral,Standard,35.0,Cancelled,2025-02-03,2025-09-13,8,280.0,2025-09-01,334,222,1,558.3484162895927,156
201,2025-02-19,Asia-Pacific,Paid Ads,Basic,15.0,Active,2025-02-19,,18,270.0,2026-07-14,18,528,0,558.3484162895927,157
275,2025-03-09,Asia-Pacific,Organic Search,Basic,15.0,Active,2025-03-09,,18,270.0,2026-08-01,0,510,0,558.3484162895927,158
501,2025-04-08,Asia-Pacific,Organic Search,Basic,15.0,Active,2025-04-08,,17,255.0,2026-08-01,0,480,0,558.3484162895927,159
578,2025-03-11,Asia-Pacific,Organic Search,Basic,15.0,Active,2025-03-11,,17,255.0,2026-07-04,28,508,0,558.3484162895927,160
766,2025-04-06,Asia-Pacific,Referral,Basic,15.0,Active,2025-04-06,,17,255.0,2026-07-30,2,482,0,558.3484162895927,161
884,2025-04-05,Asia-Pacific,Paid Ads,Basic,15.0,Active,2025-04-05,,17,255.0,2026-07-29,3,483,0,558.3484162895927,162
245,2025-02-20,Asia-Pacific,Social Media,Standard,35.0,Cancelled,2025-02-20,2025-09-02,7,245.0,2025-08-19,347,194,1,558.3484162895927,163
273,2025-05-06,Asia-Pacific,Social Media,Basic,15.0,Active,2025-05-06,,16,240.0,2026-07-30,2,452,0,558.3484162895927,164
321,2025-04-22,Asia-Pacific,Paid Ads,Basic,15.0,Active,2025-04-22,,16,240.0,2026-07-16,16,466,0,558.3484162895927,165
1046,2025-04-30,Asia-Pacific,Paid Ads,Basic,15.0,Active,2025-04-30,,16,240.0,2026-07-24,8,458,0,558.3484162895927,166
319,2025-03-13,Asia-Pacific,Paid Ads,Premium,75.0,Cancelled,2025-03-13,2025-06-08,3,225.0,2025-05-12,446,87,1,558.3484162895927,167
1070,2025-05-10,Asia-Pacific,Social Media,Basic,15.0,Active,2025-05-10,,15,225.0,2026-07-04,28,448,0,558.3484162895927,168
483,2024-10-18,Asia-Pacific,Organic Search,Basic,15.0,Cancelled,2024-10-18,2025-10-08,12,180.0,2025-09-13,322,355,1,558.3484162895927,169
606,2024-10-27,Asia-Pacific,Social Media,Basic,15.0,Cancelled,2024-10-27,2025-09-30,12,180.0,2025-09-22,313,338,1,558.3484162895927,170
961,2024-09-29,Asia-Pacific,Paid Ads,Basic,15.0,Cancelled,2024-09-29,2025-09-17,12,180.0,2025-08-25,341,353,1,558.3484162895927,171
783,2024-09-23,Asia-Pacific,Paid Ads,Standard,35.0,Cancelled,2024-09-23,2025-02-09,5,175.0,2025-01-21,557,139,1,558.3484162895927,172
1014,2024-07-08,Asia-Pacific,Social Media,Standard,35.0,Cancelled,2024-07-08,2024-11-10,5,175.0,2024-11-05,634,125,1,558.3484162895927,173
164,2024-09-11,Asia-Pacific,Paid Ads,Basic,15.0,Cancelled,2024-09-11,2025-08-02,11,165.0,2025-07-08,389,325,1,558.3484162895927,174
166,2024-08-27,Asia-Pacific,Organic Search,Basic,15.0,Cancelled,2024-08-27,2025-07-12,11,165.0,2025-06-23,404,319,1,558.3484162895927,175
342,2024-12-11,Asia-Pacific,Organic Search,Basic,15.0,Cancelled,2024-12-11,2025-11-02,11,165.0,2025-10-07,298,326,1,558.3484162895927,176
702,2025-05-12,Asia-Pacific,Paid Ads,Basic,15.0,Cancelled,2025-05-12,2026-03-15,11,165.0,2026-03-08,146,307,1,558.3484162895927,177
101,2024-04-12,Asia-Pacific,Organic Search,Premium,75.0,Cancelled,2024-04-12,2024-06-02,2,150.0,2024-05-12,811,51,1,558.3484162895927,178
311,2024-11-06,Asia-Pacific,Social Media,Premium,75.0,Cancelled,2024-11-06,2024-12-31,2,150.0,2024-12-06,603,55,1,558.3484162895927,179
770,2024-09-22,Asia-Pacific,Organic Search,Basic,15.0,Cancelled,2024-09-22,2025-07-06,10,150.0,2025-06-19,408,287,1,558.3484162895927,180
827,2024-07-08,Asia-Pacific,Paid Ads,Basic,15.0,Cancelled,2024-07-08,2025-04-05,10,150.0,2025-04-04,484,271,1,558.3484162895927,181
908,2024-05-10,Asia-Pacific,Organic Search,Basic,15.0,Cancelled,2024-05-10,2025-02-24,10,150.0,2025-02-04,543,290,1,558.3484162895927,182
957,2024-06-04,Asia-Pacific,Organic Search,Basic,15.0,Cancelled,2024-06-04,2025-03-30,10,150.0,2025-03-01,518,299,1,558.3484162895927,183
313,2024-01-23,Asia-Pacific,Social Media,Basic,15.0,Cancelled,2024-01-23,2024-09-25,9,135.0,2024-09-19,681,246,1,558.3484162895927,184
394,2025-02-05,Asia-Pacific,Paid Ads,Basic,15.0,Cancelled,2025-02-05,2025-10-15,9,135.0,2025-10-03,302,252,1,558.3484162895927,185
817,2024-05-27,Asia-Pacific,Paid Ads,Basic,15.0,Cancelled,2024-05-27,2025-02-14,9,135.0,2025-01-22,556,263,1,558.3484162895927,186
971,2025-01-27,Asia-Pacific,Referral,Basic,15.0,Cancelled,2025-01-27,2025-10-06,9,135.0,2025-09-24,311,252,1,558.3484162895927,187
148,2024-10-12,Asia-Pacific,Paid Ads,Basic,15.0,Cancelled,2024-10-12,2025-05-28,8,120.0,2025-05-10,448,228,1,558.3484162895927,188
466,2024-12-07,Asia-Pacific,Organic Search,Basic,15.0,Cancelled,2024-12-07,2025-07-23,8,120.0,2025-07-05,392,228,1,558.3484162895927,189
844,2024-07-31,Asia-Pacific,Social Media,Basic,15.0,Cancelled,2024-07-31,2025-03-25,8,120.0,2025-02-26,521,237,1,558.3484162895927,190
231,2024-10-04,Asia-Pacific,Organic Search,Standard,35.0,Cancelled,2024-10-04,2024-12-30,3,105.0,2024-12-03,606,87,1,558.3484162895927,191
306,2024-10-15,Asia-Pacific,Paid Ads,Standard,35.0,Cancelled,2024-10-15,2025-01-10,3,105.0,2024-12-14,595,87,1,558.3484162895927,192
367,2024-11-13,Asia-Pacific,Organic Search,Standard,35.0,Cancelled,2024-11-13,2025-01-30,3,105.0,2025-01-12,566,78,1,558.3484162895927,193
442,2024-10-12,Asia-Pacific,Paid Ads,Basic,15.0,Cancelled,2024-10-12,2025-05-07,7,105.0,2025-04-10,478,207,1,558.3484162895927,194
687,2025-01-15,Asia-Pacific,Social Media,Standard,35.0,Cancelled,2025-01-15,2025-04-07,3,105.0,2025-03-16,503,82,1,558.3484162895927,195
697,2024-03-25,Asia-Pacific,Paid Ads,Standard,35.0,Cancelled,2024-03-25,2024-06-21,3,105.0,2024-05-24,799,88,1,558.3484162895927,196
710,2025-02-23,Asia-Pacific,Paid Ads,Basic,15.0,Cancelled,2025-02-23,2025-09-04,7,105.0,2025-08-22,344,193,1,558.3484162895927,197
858,2024-01-12,Asia-Pacific,Organic Search,Basic,15.0,Cancelled,2024-01-12,2024-07-29,7,105.0,2024-07-10,752,199,1,558.3484162895927,198
207,2025-01-27,Asia-Pacific,Paid Ads,Basic,15.0,Cancelled,2025-01-27,2025-06-28,6,90.0,2025-06-26,401,152,1,558.3484162895927,199
121,2024-07-09,Asia-Pacific,Paid Ads,Basic,15.0,Cancelled,2024-07-09,2024-11-06,5,75.0,2024-11-06,633,120,1,558.3484162895927,200
480,2024-06-21,Asia-Pacific,Paid Ads,Basic,15.0,Cancelled,2024-06-21,2024-11-16,5,75.0,2024-10-19,651,148,1,558.3484162895927,201
543,2024-04-29,Asia-Pacific,Organic Search,Basic,15.0,Cancelled,2024-04-29,2024-09-23,5,75.0,2024-08-27,704,147,1,558.3484162895927,202
623,2025-01-24,Asia-Pacific,Paid Ads,Basic,15.0,Cancelled,2025-01-24,2025-06-04,5,75.0,2025-05-24,434,131,1,558.3484162895927,203
779,2024-11-11,Asia-Pacific,Organic Search,Basic,15.0,Cancelled,2024-11-11,2025-03-16,5,75.0,2025-03-11,508,125,1,558.3484162895927,204
788,2024-02-09,Asia-Pacific,Paid Ads,Basic,15.0,Cancelled,2024-02-09,2024-07-06,5,75.0,2024-06-08,784,148,1,558.3484162895927,205
843,2024-10-11,Asia-Pacific,Organic Search,Basic,15.0,Cancelled,2024-10-11,2025-02-24,5,75.0,2025-02-08,539,136,1,558.3484162895927,206
856,2024-04-21,Asia-Pacific,Paid Ads,Basic,15.0,Cancelled,2024-04-21,2024-08-28,5,75.0,2024-08-19,712,129,1,558.3484162895927,207
869,2024-02-24,Asia-Pacific,Organic Search,Basic,15.0,Cancelled,2024-02-24,2024-07-15,5,75.0,2024-06-23,769,142,1,558.3484162895927,208
874,2024-04-26,Asia-Pacific,Paid Ads,Basic,15.0,Cancelled,2024-04-26,2024-08-25,5,75.0,2024-08-24,707,121,1,558.3484162895927,209
1043,2024-10-05,Asia-Pacific,Organic Search,Basic,15.0,Cancelled,2024-10-05,2025-02-11,5,75.0,2025-02-02,545,129,1,558.3484162895927,210
714,2024-11-07,Asia-Pacific,Organic Search,Standard,35.0,Cancelled,2024-11-07,2024-12-15,2,70.0,2024-12-07,602,38,1,558.3484162895927,211
136,2024-08-01,Asia-Pacific,Paid Ads,Basic,15.0,Cancelled,2024-08-01,2024-11-06,4,60.0,2024-10-30,640,97,1,558.3484162895927,212
482,2024-11-05,Asia-Pacific,Organic Search,Basic,15.0,Cancelled,2024-11-05,2025-02-13,4,60.0,2025-02-03,544,100,1,558.3484162895927,213
652,2025-03-24,Asia-Pacific,Organic Search,Basic,15.0,Cancelled,2025-03-24,2025-07-12,4,60.0,2025-06-22,405,110,1,558.3484162895927,214
857,2024-03-26,Asia-Pacific,Social Media,Basic,15.0,Cancelled,2024-03-26,2024-07-21,4,60.0,2024-06-24,768,117,1,558.3484162895927,215
523,2025-01-11,Asia-Pacific,Paid Ads,Basic,15.0,Cancelled,2025-01-11,2025-04-02,3,45.0,2025-03-12,507,81,1,558.3484162895927,216
553,2024-02-09,Asia-Pacific,Paid Ads,Basic,15.0,Cancelled,2024-02-09,2024-04-15,3,45.0,2024-04-09,844,66,1,558.3484162895927,217
981,2024-07-24,Asia-Pacific,Paid Ads,Basic,15.0,Cancelled,2024-07-24,2024-10-05,3,45.0,2024-09-22,678,73,1,558.3484162895927,218
1039,2024-10-22,Asia-Pacific,Referral,Basic,15.0,Cancelled,2024-10-22,2024-12-21,3,45.0,2024-12-21,588,60,1,558.3484162895927,219
188,2024-05-14,Asia-Pacific,Paid Ads,Basic,15.0,Cancelled,2024-05-14,2024-07-01,2,30.0,2024-06-13,779,48,1,558.3484162895927,220
767,2025-03-11,Asia-Pacific,Paid Ads,Basic,15.0,Cancelled,2025-03-11,2025-04-10,2,30.0,2025-04-10,478,30,1,558.3484162895927,221
548,2024-01-25,Europe,Organic Search,Premium,75.0,Active,2024-01-25,,31,2325.0,2026-07-13,19,919,0,600.942760942761,1
643,2024-01-18,Europe,Referral,Premium,75.0,Active,2024-01-18,,31,2325.0,2026-07-06,26,926,0,600.942760942761,2
1023,2024-01-19,Europe,Social Media,Premium,75.0,Active,2024-01-19,,31,2325.0,2026-07-07,25,925,0,600.942760942761,3
890,2024-03-10,Europe,Organic Search,Premium,75.0,Active,2024-03-10,,30,2250.0,2026-07-28,4,874,0,600.942760942761,4
213,2024-04-01,Europe,Paid Ads,Premium,75.0,Active,2024-04-01,,29,2175.0,2026-07-20,12,852,0,600.942760942761,5
502,2024-03-29,Europe,Referral,Premium,75.0,Active,2024-03-29,,29,2175.0,2026-07-17,15,855,0,600.942760942761,6
615,2024-03-30,Europe,Social Media,Premium,75.0,Active,2024-03-30,,29,2175.0,2026-07-18,14,854,0,600.942760942761,7
693,2024-04-02,Europe,Organic Search,Premium,75.0,Active,2024-04-02,,29,2175.0,2026-07-21,11,851,0,600.942760942761,8
411,2024-04-24,Europe,Paid Ads,Premium,75.0,Active,2024-04-24,,28,2100.0,2026-07-13,19,829,0,600.942760942761,9
1056,2024-05-05,Europe,Organic Search,Premium,75.0,Active,2024-05-05,,28,2100.0,2026-07-24,8,818,0,600.942760942761,10
670,2024-07-02,Europe,Paid Ads,Premium,75.0,Active,2024-07-02,,26,1950.0,2026-07-22,10,760,0,600.942760942761,11
717,2024-06-21,Europe,Social Media,Premium,75.0,Active,2024-06-21,,26,1950.0,2026-07-11,21,771,0,600.942760942761,12
795,2024-08-06,Europe,Referral,Premium,75.0,Active,2024-08-06,,25,1875.0,2026-07-27,5,725,0,600.942760942761,13
955,2024-08-03,Europe,Social Media,Premium,75.0,Active,2024-08-03,,25,1875.0,2026-07-24,8,728,0,600.942760942761,14
972,2024-07-28,Europe,Social Media,Premium,75.0,Active,2024-07-28,,25,1875.0,2026-07-18,14,734,0,600.942760942761,15
238,2024-09-06,Europe,Paid Ads,Premium,75.0,Active,2024-09-06,,24,1800.0,2026-07-28,4,694,0,600.942760942761,16
305,2024-08-29,Europe,Organic Search,Premium,75.0,Active,2024-08-29,,24,1800.0,2026-07-20,12,702,0,600.942760942761,17
344,2024-09-05,Europe,Referral,Premium,75.0,Active,2024-09-05,,24,1800.0,2026-07-27,5,695,0,600.942760942761,18
787,2024-09-08,Europe,Paid Ads,Premium,75.0,Active,2024-09-08,,24,1800.0,2026-07-30,2,692,0,600.942760942761,19
695,2024-09-23,Europe,Referral,Premium,75.0,Active,2024-09-23,,23,1725.0,2026-07-15,17,677,0,600.942760942761,20
498,2024-11-06,Europe,Organic Search,Premium,75.0,Active,2024-11-06,,22,1650.0,2026-07-29,3,633,0,600.942760942761,21
748,2024-11-06,Europe,Organic Search,Premium,75.0,Active,2024-11-06,,22,1650.0,2026-07-29,3,633,0,600.942760942761,22
765,2024-10-17,Europe,Paid Ads,Premium,75.0,Active,2024-10-17,,22,1650.0,2026-07-09,23,653,0,600.942760942761,23
707,2024-11-29,Europe,Organic Search,Premium,75.0,Active,2024-11-29,,21,1575.0,2026-07-22,10,610,0,600.942760942761,24
104,2025-01-07,Europe,Referral,Premium,75.0,Active,2025-01-07,,20,1500.0,2026-07-31,1,571,0,600.942760942761,25
169,2024-12-11,Europe,Organic Search,Premium,75.0,Active,2024-12-11,,20,1500.0,2026-07-04,28,598,0,600.942760942761,26
450,2024-12-14,Europe,Paid Ads,Premium,75.0,Active,2024-12-14,,20,1500.0,2026-07-07,25,595,0,600.942760942761,27
384,2025-02-02,Europe,Paid Ads,Premium,75.0,Active,2025-02-02,,19,1425.0,2026-07-27,5,545,0,600.942760942761,28
460,2025-02-06,Europe,Paid Ads,Premium,75.0,Active,2025-02-06,,19,1425.0,2026-07-31,1,541,0,600.942760942761,29
304,2025-02-12,Europe,Social Media,Premium,75.0,Active,2025-02-12,,18,1350.0,2026-07-07,25,535,0,600.942760942761,30
797,2025-02-26,Europe,Paid Ads,Premium,75.0,Active,2025-02-26,,18,1350.0,2026-07-21,11,521,0,600.942760942761,31
811,2025-03-18,Europe,Organic Search,Premium,75.0,Active,2025-03-18,,17,1275.0,2026-07-11,21,501,0,600.942760942761,32
960,2025-03-16,Europe,Paid Ads,Premium,75.0,Active,2025-03-16,,17,1275.0,2026-07-09,23,503,0,600.942760942761,33
854,2025-04-17,Europe,Referral,Premium,75.0,Active,2025-04-17,,16,1200.0,2026-07-11,21,471,0,600.942760942761,34
1071,2025-05-03,Europe,Paid Ads,Premium,75.0,Active,2025-05-03,,16,1200.0,2026-07-27,5,455,0,600.942760942761,35
293,2024-01-01,Europe,Paid Ads,Standard,35.0,Active,2024-01-01,,32,1120.0,2026-07-19,13,943,0,600.942760942761,36
612,2024-01-02,Europe,Social Media,Standard,35.0,Active,2024-01-02,,32,1120.0,2026-07-20,12,942,0,600.942760942761,37
492,2024-01-17,Europe,Referral,Standard,35.0,Active,2024-01-17,,31,1085.0,2026-07-05,27,927,0,600.942760942761,38
780,2024-02-12,Europe,Referral,Standard,35.0,Active,2024-02-12,,31,1085.0,2026-07-31,1,901,0,600.942760942761,39
102,2024-03-12,Europe,Organic Search,Standard,35.0,Active,2024-03-12,,30,1050.0,2026-07-30,2,872,0,600.942760942761,40
120,2024-02-23,Europe,Organic Search,Standard,35.0,Active,2024-02-23,,30,1050.0,2026-07-12,20,890,0,600.942760942761,41
261,2024-03-02,Europe,Paid Ads,Standard,35.0,Active,2024-03-02,,30,1050.0,2026-07-20,12,882,0,600.942760942761,42
400,2024-03-07,Europe,Paid Ads,Standard,35.0,Active,2024-03-07,,30,1050.0,2026-07-25,7,877,0,600.942760942761,43
603,2024-03-04,Europe,Organic Search,Standard,35.0,Active,2024-03-04,,30,1050.0,2026-07-22,10,880,0,600.942760942761,44
708,2024-02-21,Europe,Social Media,Standard,35.0,Active,2024-02-21,,30,1050.0,2026-07-10,22,892,0,600.942760942761,45
1057,2024-03-04,Europe,Paid Ads,Standard,35.0,Active,2024-03-04,,30,1050.0,2026-07-22,10,880,0,600.942760942761,46
1090,2024-03-10,Europe,Paid Ads,Standard,35.0,Active,2024-03-10,,30,1050.0,2026-07-28,4,874,0,600.942760942761,47
165,2024-04-07,Europe,Paid Ads,Standard,35.0,Active,2024-04-07,,29,1015.0,2026-07-26,6,846,0,600.942760942761,48
303,2024-03-22,Europe,Paid Ads,Standard,35.0,Active,2024-03-22,,29,1015.0,2026-07-10,22,862,0,600.942760942761,49
493,2024-04-13,Europe,Organic Search,Standard,35.0,Active,2024-04-13,,29,1015.0,2026-08-01,0,840,0,600.942760942761,50
626,2024-03-27,Europe,Paid Ads,Standard,35.0,Active,2024-03-27,,29,1015.0,2026-07-15,17,857,0,600.942760942761,51
945,2024-05-08,Europe,Social Media,Standard,35.0,Active,2024-05-08,,28,980.0,2026-07-27,5,815,0,600.942760942761,52
266,2024-05-23,Europe,Organic Search,Standard,35.0,Active,2024-05-23,,27,945.0,2026-07-12,20,800,0,600.942760942761,53
467,2024-06-06,Europe,Social Media,Standard,35.0,Active,2024-06-06,,27,945.0,2026-07-26,6,786,0,600.942760942761,54
709,2024-06-04,Europe,Paid Ads,Standard,35.0,Active,2024-06-04,,27,945.0,2026-07-24,8,788,0,600.942760942761,55
741,2024-06-08,Europe,Social Media,Standard,35.0,Active,2024-06-08,,27,945.0,2026-07-28,4,784,0,600.942760942761,56
919,2024-05-23,Europe,Referral,Standard,35.0,Active,2024-05-23,,27,945.0,2026-07-12,20,800,0,600.942760942761,57
153,2024-06-13,Europe,Organic Search,Standard,35.0,Active,2024-06-13,,26,910.0,2026-07-03,29,779,0,600.942760942761,58
286,2024-07-09,Europe,Organic Search,Standard,35.0,Active,2024-07-09,,26,910.0,2026-07-29,3,753,0,600.942760942761,59
444,2024-07-12,Europe,Paid Ads,Standard,35.0,Active,2024-07-12,,26,910.0,2026-08-01,0,750,0,600.942760942761,60
814,2024-03-27,Europe,Organic Search,Premium,75.0,Cancelled,2024-03-27,2025-03-12,12,900.0,2025-02-20,527,350,1,600.942760942761,61
271,2024-08-02,Europe,Referral,Standard,35.0,Active,2024-08-02,,25,875.0,2026-07-23,9,729,0,600.942760942761,62
376,2024-07-30,Europe,Organic Search,Standard,35.0,Active,2024-07-30,,25,875.0,2026-07-20,12,732,0,600.942760942761,63
408,2024-08-03,Europe,Paid Ads,Standard,35.0,Active,2024-08-03,,25,875.0,2026-07-24,8,728,0,600.942760942761,64
819,2024-07-29,Europe,Organic Search,Standard,35.0,Active,2024-07-29,,25,875.0,2026-07-19,13,733,0,600.942760942761,65
323,2024-08-16,Europe,Referral,Standard,35.0,Active,2024-08-16,,24,840.0,2026-07-07,25,715,0,600.942760942761,66
479,2024-08-24,Europe,Organic Search,Standard,35.0,Active,2024-08-24,,24,840.0,2026-07-15,17,707,0,600.942760942761,67
864,2024-08-17,Europe,Referral,Standard,35.0,Active,2024-08-17,,24,840.0,2026-07-08,24,714,0,600.942760942761,68
904,2024-09-04,Europe,Organic Search,Standard,35.0,Active,2024-09-04,,24,840.0,2026-07-26,6,696,0,600.942760942761,69
224,2024-10-01,Europe,Organic Search,Standard,35.0,Active,2024-10-01,,23,805.0,2026-07-23,9,669,0,600.942760942761,70
505,2024-10-08,Europe,Social Media,Standard,35.0,Active,2024-10-08,,23,805.0,2026-07-30,2,662,0,600.942760942761,71
746,2024-09-20,Europe,Organic Search,Standard,35.0,Active,2024-09-20,,23,805.0,2026-07-12,20,680,0,600.942760942761,72
1035,2024-09-22,Europe,Organic Search,Standard,35.0,Active,2024-09-22,,23,805.0,2026-07-14,18,678,0,600.942760942761,73
1044,2024-10-03,Europe,Paid Ads,Standard,35.0,Active,2024-10-03,,23,805.0,2026-07-25,7,667,0,600.942760942761,74
237,2024-10-15,Europe,Paid Ads,Standard,35.0,Active,2024-10-15,,22,770.0,2026-07-07,25,655,0,600.942760942761,75
402,2024-10-15,Europe,Social Media,Standard,35.0,Active,2024-10-15,,22,770.0,2026-07-07,25,655,0,600.942760942761,76
682,2024-10-30,Europe,Organic Search,Standard,35.0,Active,2024-10-30,,22,770.0,2026-07-22,10,640,0,600.942760942761,77
849,2024-10-21,Europe,Social Media,Standard,35.0,Active,2024-10-21,,22,770.0,2026-07-13,19,649,0,600.942760942761,78
861,2024-11-07,Europe,Organic Search,Standard,35.0,Active,2024-11-07,,22,770.0,2026-07-30,2,632,0,600.942760942761,79
891,2024-10-21,Europe,Paid Ads,Standard,35.0,Active,2024-10-21,,22,770.0,2026-07-13,19,649,0,600.942760942761,80
909,2024-10-31,Europe,Social Media,Standard,35.0,Active,2024-10-31,,22,770.0,2026-07-23,9,639,0,600.942760942761,81
959,2024-11-02,Europe,Referral,Standard,35.0,Active,2024-11-02,,22,770.0,2026-07-25,7,637,0,600.942760942761,82
333,2024-05-05,Europe,Organic Search,Premium,75.0,Cancelled,2024-05-05,2025-02-02,10,750.0,2025-01-30,548,273,1,600.942760942761,83
242,2024-12-01,Europe,Organic Search,Standard,35.0,Active,2024-12-01,,21,735.0,2026-07-24,8,608,0,600.942760942761,84
650,2024-11-21,Europe,Paid Ads,Standard,35.0,Active,2024-11-21,,21,735.0,2026-07-14,18,618,0,600.942760942761,85
833,2024-11-10,Europe,Paid Ads,Standard,35.0,Active,2024-11-10,,21,735.0,2026-07-03,29,629,0,600.942760942761,86
361,2025-01-03,Europe,Paid Ads,Standard,35.0,Active,2025-01-03,,20,700.0,2026-07-27,5,575,0,600.942760942761,87
448,2024-12-31,Europe,Social Media,Standard,35.0,Active,2024-12-31,,20,700.0,2026-07-24,8,578,0,600.942760942761,88
882,2024-12-24,Europe,Paid Ads,Standard,35.0,Active,2024-12-24,,20,700.0,2026-07-17,15,585,0,600.942760942761,89
334,2025-01-05,Europe,Paid Ads,Premium,75.0,Cancelled,2025-01-05,2025-09-07,9,675.0,2025-09-02,333,245,1,600.942760942761,90
116,2025-01-20,Europe,Paid Ads,Standard,35.0,Active,2025-01-20,,19,665.0,2026-07-14,18,558,0,600.942760942761,91
210,2025-01-25,Europe,Referral,Standard,35.0,Active,2025-01-25,,19,665.0,2026-07-19,13,553,0,600.942760942761,92
243,2025-01-18,Europe,Social Media,Standard,35.0,Active,2025-01-18,,19,665.0,2026-07-12,20,560,0,600.942760942761,93
270,2025-02-01,Europe,Paid Ads,Standard,35.0,Active,2025-02-01,,19,665.0,2026-07-26,6,546,0,600.942760942761,94
529,2025-01-11,Europe,Organic Search,Standard,35.0,Active,2025-01-11,,19,665.0,2026-07-05,27,567,0,600.942760942761,95
775,2025-01-26,Europe,Paid Ads,Standard,35.0,Active,2025-01-26,,19,665.0,2026-07-20,12,552,0,600.942760942761,96
1031,2025-02-15,Europe,Social Media,Standard,35.0,Active,2025-02-15,,18,630.0,2026-07-10,22,532,0,600.942760942761,97
445,2024-08-09,Europe,Organic Search,Premium,75.0,Cancelled,2024-08-09,2025-03-09,8,600.0,2025-03-07,512,212,1,600.942760942761,98
992,2024-06-06,Europe,Organic Search,Premium,75.0,Cancelled,2024-06-06,2025-01-09,8,600.0,2025-01-02,576,217,1,600.942760942761,99
117,2025-03-30,Europe,Social Media,Standard,35.0,Active,2025-03-30,,17,595.0,2026-07-23,9,489,0,600.942760942761,100
398,2025-03-25,Europe,Social Media,Standard,35.0,Active,2025-03-25,,17,595.0,2026-07-18,14,494,0,600.942760942761,101
729,2025-03-30,Europe,Organic Search,Standard,35.0,Active,2025-03-30,,17,595.0,2026-07-23,9,489,0,600.942760942761,102
1010,2025-03-24,Europe,Paid Ads,Standard,35.0,Active,2025-03-24,,17,595.0,2026-07-17,15,495,0,600.942760942761,103
1029,2025-03-25,Europe,Social Media,Standard,35.0,Active,2025-03-25,,17,595.0,2026-07-18,14,494,0,600.942760942761,104
183,2025-04-17,Europe,Organic Search,Standard,35.0,Active,2025-04-17,,16,560.0,2026-07-11,21,471,0,600.942760942761,105
317,2025-05-02,Europe,Paid Ads,Standard,35.0,Active,2025-05-02,,16,560.0,2026-07-26,6,456,0,600.942760942761,106
457,2025-04-13,Europe,Paid Ads,Standard,35.0,Active,2025-04-13,,16,560.0,2026-07-07,25,475,0,600.942760942761,107
510,2025-05-04,Europe,Referral,Standard,35.0,Active,2025-05-04,,16,560.0,2026-07-28,4,454,0,600.942760942761,108
678,2025-04-10,Europe,Social Media,Standard,35.0,Active,2025-04-10,,16,560.0,2026-07-04,28,478,0,600.942760942761,109
958,2025-04-13,Europe,Social Media,Standard,35.0,Active,2025-04-13,,16,560.0,2026-07-07,25,475,0,600.942760942761,110
348,2024-07-25,Europe,Social Media,Premium,75.0,Cancelled,2024-07-25,2025-01-26,7,525.0,2025-01-21,557,185,1,600.942760942761,111
414,2024-07-18,Europe,Organic Search,Premium,75.0,Cancelled,2024-07-18,2025-02-09,7,525.0,2025-01-14,564,206,1,600.942760942761,112
521,2025-05-11,Europe,Paid Ads,Standard,35.0,Active,2025-05-11,,15,525.0,2026-07-05,27,447,0,600.942760942761,113
694,2025-05-11,Europe,Organic Search,Standard,35.0,Active,2025-05-11,,15,525.0,2026-07-05,27,447,0,600.942760942761,114
159,2024-01-02,Europe,Organic Search,Basic,15.0,Active,2024-01-02,,32,480.0,2026-07-20,12,942,0,600.942760942761,115
285,2024-01-01,Europe,Organic Search,Basic,15.0,Active,2024-01-01,,32,480.0,2026-07-19,13,943,0,600.942760942761,116
349,2024-01-14,Europe,Paid Ads,Basic,15.0,Active,2024-01-14,,32,480.0,2026-08-01,0,930,0,600.942760942761,117
566,2024-01-13,Europe,Social Media,Basic,15.0,Active,2024-01-13,,32,480.0,2026-07-31,1,931,0,600.942760942761,118
582,2024-01-04,Europe,Paid Ads,Basic,15.0,Active,2024-01-04,,32,480.0,2026-07-22,10,940,0,600.942760942761,119
622,2024-01-07,Europe,Paid Ads,Basic,15.0,Active,2024-01-07,,32,480.0,2026-07-25,7,937,0,600.942760942761,120
989,2024-01-02,Europe,Paid Ads,Basic,15.0,Active,2024-01-02,,32,480.0,2026-07-20,12,942,0,600.942760942761,121
267,2024-01-25,Europe,Organic Search,Basic,15.0,Active,2024-01-25,,31,465.0,2026-07-13,19,919,0,600.942760942761,122
358,2024-01-25,Europe,Referral,Basic,15.0,Active,2024-01-25,,31,465.0,2026-07-13,19,919,0,600.942760942761,123
369,2024-02-09,Europe,Social Media,Basic,15.0,Active,2024-02-09,,31,465.0,2026-07-28,4,904,0,600.942760942761,124
378,2024-02-07,Europe,Organic Search,Basic,15.0,Active,2024-02-07,,31,465.0,2026-07-26,6,906,0,600.942760942761,125
475,2024-02-03,Europe,Referral,Basic,15.0,Active,2024-02-03,,31,465.0,2026-07-22,10,910,0,600.942760942761,126
516,2024-01-16,Europe,Social Media,Basic,15.0,Active,2024-01-16,,31,465.0,2026-07-04,28,928,0,600.942760942761,127
887,2024-02-04,Europe,Social Media,Basic,15.0,Active,2024-02-04,,31,465.0,2026-07-23,9,909,0,600.942760942761,128
1059,2024-01-31,Europe,Organic Search,Basic,15.0,Active,2024-01-31,,31,465.0,2026-07-19,13,913,0,600.942760942761,129
1087,2024-01-20,Europe,Organic Search,Basic,15.0,Active,2024-01-20,,31,465.0,2026-07-08,24,924,0,600.942760942761,130
221,2024-02-16,Europe,Organic Search,Basic,15.0,Active,2024-02-16,,30,450.0,2026-07-05,27,897,0,600.942760942761,131
544,2024-03-08,Europe,Organic Search,Basic,15.0,Active,2024-03-08,,30,450.0,2026-07-26,6,876,0,600.942760942761,132
640,2024-03-06,Europe,Referral,Basic,15.0,Active,2024-03-06,,30,450.0,2026-07-24,8,878,0,600.942760942761,133
967,2024-03-07,Europe,Paid Ads,Basic,15.0,Active,2024-03-07,,30,450.0,2026-07-25,7,877,0,600.942760942761,134
1042,2024-03-02,Europe,Paid Ads,Basic,15.0,Active,2024-03-02,,30,450.0,2026-07-20,12,882,0,600.942760942761,135
142,2024-04-05,Europe,Organic Search,Basic,15.0,Active,2024-04-05,,29,435.0,2026-07-24,8,848,0,600.942760942761,136
193,2024-04-06,Europe,Paid Ads,Basic,15.0,Active,2024-04-06,,29,435.0,2026-07-25,7,847,0,600.942760942761,137
218,2024-04-10,Europe,Referral,Basic,15.0,Active,2024-04-10,,29,435.0,2026-07-29,3,843,0,600.942760942761,138
228,2024-04-05,Europe,Referral,Basic,15.0,Active,2024-04-05,,29,435.0,2026-07-24,8,848,0,600.942760942761,139
595,2024-03-19,Europe,Paid Ads,Basic,15.0,Active,2024-03-19,,29,435.0,2026-07-07,25,865,0,600.942760942761,140
711,2024-03-17,Europe,Organic Search,Basic,15.0,Active,2024-03-17,,29,435.0,2026-07-05,27,867,0,600.942760942761,141
845,2024-04-04,Europe,Organic Search,Basic,15.0,Active,2024-04-04,,29,435.0,2026-07-23,9,849,0,600.942760942761,142
1037,2024-03-24,Europe,Referral,Basic,15.0,Active,2024-03-24,,29,435.0,2026-07-12,20,860,0,600.942760942761,143
1091,2024-04-11,Europe,Paid Ads,Basic,15.0,Active,2024-04-11,,29,435.0,2026-07-30,2,842,0,600.942760942761,144
172,2024-05-08,Europe,Referral,Basic,15.0,Active,2024-05-08,,28,420.0,2026-07-27,5,815,0,600.942760942761,145
175,2024-04-21,Europe,Paid Ads,Basic,15.0,Active,2024-04-21,,28,420.0,2026-07-10,22,832,0,600.942760942761,146
226,2024-05-06,Europe,Paid Ads,Basic,15.0,Active,2024-05-06,,28,420.0,2026-07-25,7,817,0,600.942760942761,147
282,2024-05-05,Europe,Organic Search,Basic,15.0,Active,2024-05-05,,28,420.0,2026-07-24,8,818,0,600.942760942761,148
322,2024-04-21,Europe,Paid Ads,Basic,15.0,Active,2024-04-21,,28,420.0,2026-07-10,22,832,0,600.942760942761,149
359,2024-04-18,Europe,Paid Ads,Basic,15.0,Active,2024-04-18,,28,420.0,2026-07-07,25,835,0,600.942760942761,150
740,2024-05-09,Europe,Organic Search,Basic,15.0,Active,2024-05-09,,28,420.0,2026-07-28,4,814,0,600.942760942761,151
810,2024-10-10,Europe,Referral,Standard,35.0,Cancelled,2024-10-10,2025-09-08,12,420.0,2025-09-05,330,333,1,600.942760942761,152
836,2024-04-22,Europe,Organic Search,Basic,15.0,Active,2024-04-22,,28,420.0,2026-07-11,21,831,0,600.942760942761,153
862,2024-04-20,Europe,Referral,Basic,15.0,Active,2024-04-20,,28,420.0,2026-07-09,23,833,0,600.942760942761,154
1024,2024-04-18,Europe,Paid Ads,Basic,15.0,Active,2024-04-18,,28,420.0,2026-07-07,25,835,0,600.942760942761,155
1058,2024-04-25,Europe,Paid Ads,Basic,15.0,Active,2024-04-25,,28,420.0,2026-07-14,18,828,0,600.942760942761,156
162,2024-06-08,Europe,Paid Ads,Basic,15.0,Active,2024-06-08,,27,405.0,2026-07-28,4,784,0,600.942760942761,157
240,2024-05-26,Europe,Social Media,Basic,15.0,Active,2024-05-26,,27,405.0,2026-07-15,17,797,0,600.942760942761,158
111,2024-06-23,Europe,Paid Ads,Basic,15.0,Active,2024-06-23,,26,390.0,2026-07-13,19,769,0,600.942760942761,159
433,2024-06-28,Europe,Social Media,Basic,15.0,Active,2024-06-28,,26,390.0,2026-07-18,14,764,0,600.942760942761,160
539,2024-06-25,Europe,Paid Ads,Basic,15.0,Active,2024-06-25,,26,390.0,2026-07-15,17,767,0,600.942760942761,161
541,2024-06-26,Europe,Social Media,Basic,15.0,Active,2024-06-26,,26,390.0,2026-07-16,16,766,0,600.942760942761,162
801,2024-07-09,Europe,Organic Search,Basic,15.0,Active,2024-07-09,,26,390.0,2026-07-29,3,753,0,600.942760942761,163
893,2024-06-22,Europe,Organic Search,Basic,15.0,Active,2024-06-22,,26,390.0,2026-07-12,20,770,0,600.942760942761,164
931,2024-06-15,Europe,Social Media,Basic,15.0,Active,2024-06-15,,26,390.0,2026-07-05,27,777,0,600.942760942761,165
1028,2024-06-25,Europe,Referral,Basic,15.0,Active,2024-06-25,,26,390.0,2026-07-15,17,767,0,600.942760942761,166
364,2025-03-29,Europe,Organic Search,Standard,35.0,Cancelled,2025-03-29,2026-01-28,11,385.0,2026-01-23,190,305,1,600.942760942761,167
532,2024-12-09,Europe,Paid Ads,Standard,35.0,Cancelled,2024-12-09,2025-10-16,11,385.0,2025-10-05,300,311,1,600.942760942761,168
940,2024-02-09,Europe,Paid Ads,Standard,35.0,Cancelled,2024-02-09,2024-12-12,11,385.0,2024-12-05,604,307,1,600.942760942761,169
1080,2024-08-01,Europe,Paid Ads,Standard,35.0,Cancelled,2024-08-01,2025-06-17,11,385.0,2025-05-28,430,320,1,600.942760942761,170
135,2024-08-03,Europe,Paid Ads,Basic,15.0,Active,2024-08-03,,25,375.0,2026-07-24,8,728,0,600.942760942761,171
301,2024-07-30,Europe,Organic Search,Basic,15.0,Active,2024-07-30,,25,375.0,2026-07-20,12,732,0,600.942760942761,172
343,2024-08-05,Europe,Organic Search,Basic,15.0,Active,2024-08-05,,25,375.0,2026-07-26,6,726,0,600.942760942761,173
405,2024-07-14,Europe,Referral,Basic,15.0,Active,2024-07-14,,25,375.0,2026-07-04,28,748,0,600.942760942761,174
430,2024-07-28,Europe,Social Media,Premium,75.0,Cancelled,2024-07-28,2024-12-04,5,375.0,2024-11-25,614,129,1,600.942760942761,175
599,2024-07-24,Europe,Paid Ads,Basic,15.0,Active,2024-07-24,,25,375.0,2026-07-14,18,738,0,600.942760942761,176
619,2024-08-10,Europe,Referral,Basic,15.0,Active,2024-08-10,,25,375.0,2026-07-31,1,721,0,600.942760942761,177
646,2024-11-29,Europe,Paid Ads,Premium,75.0,Cancelled,2024-11-29,2025-04-10,5,375.0,2025-03-29,490,132,1,600.942760942761,178
692,2024-07-17,Europe,Paid Ads,Basic,15.0,Active,2024-07-17,,25,375.0,2026-07-07,25,745,0,600.942760942761,179
1036,2024-07-19,Europe,Social Media,Basic,15.0,Active,2024-07-19,,25,375.0,2026-07-09,23,743,0,600.942760942761,180
108,2024-09-09,Europe,Organic Search,Basic,15.0,Active,2024-09-09,,24,360.0,2026-07-31,1,691,0,600.942760942761,181
112,2024-08-31,Europe,Organic Search,Basic,15.0,Active,2024-08-31,,24,360.0,2026-07-22,10,700,0,600.942760942761,182
143,2024-08-18,Europe,Referral,Basic,15.0,Active,2024-08-18,,24,360.0,2026-07-09,23,713,0,600.942760942761,183
929,2024-09-04,Europe,Social Media,Basic,15.0,Active,2024-09-04,,24,360.0,2026-07-26,6,696,0,600.942760942761,184
437,2024-05-27,Europe,Organic Search,Standard,35.0,Cancelled,2024-05-27,2025-03-10,10,350.0,2025-02-21,526,287,1,600.942760942761,185
742,2024-02-19,Europe,Organic Search,Standard,35.0,Cancelled,2024-02-19,2024-12-07,10,350.0,2024-11-15,624,292,1,600.942760942761,186
762,2025-02-09,Europe,Social Media,Standard,35.0,Cancelled,2025-02-09,2025-11-08,10,350.0,2025-11-06,268,272,1,600.942760942761,187
848,2024-04-27,Europe,Referral,Standard,35.0,Cancelled,2024-04-27,2025-02-01,10,350.0,2025-01-22,556,280,1,600.942760942761,188
107,2024-10-03,Europe,Paid Ads,Basic,15.0,Active,2024-10-03,,23,345.0,2026-07-25,7,667,0,600.942760942761,189
192,2024-10-09,Europe,Paid Ads,Basic,15.0,Active,2024-10-09,,23,345.0,2026-07-31,1,661,0,600.942760942761,190
504,2024-09-22,Europe,Social Media,Basic,15.0,Active,2024-09-22,,23,345.0,2026-07-14,18,678,0,600.942760942761,191
604,2024-09-30,Europe,Paid Ads,Basic,15.0,Active,2024-09-30,,23,345.0,2026-07-22,10,670,0,600.942760942761,192
706,2024-10-03,Europe,Organic Search,Basic,15.0,Active,2024-10-03,,23,345.0,2026-07-25,7,667,0,600.942760942761,193
157,2024-10-21,Europe,Paid Ads,Basic,15.0,Active,2024-10-21,,22,330.0,2026-07-13,19,649,0,600.942760942761,194
326,2024-10-12,Europe,Organic Search,Basic,15.0,Active,2024-10-12,,22,330.0,2026-07-04,28,658,0,600.942760942761,195
577,2024-10-11,Europe,Paid Ads,Basic,15.0,Active,2024-10-11,,22,330.0,2026-07-03,29,659,0,600.942760942761,196
629,2024-11-04,Europe,Paid Ads,Basic,15.0,Active,2024-11-04,,22,330.0,2026-07-27,5,635,0,600.942760942761,197
754,2024-10-12,Europe,Paid Ads,Basic,15.0,Active,2024-10-12,,22,330.0,2026-07-04,28,658,0,600.942760942761,198
913,2024-10-15,Europe,Organic Search,Basic,15.0,Active,2024-10-15,,22,330.0,2026-07-07,25,655,0,600.942760942761,199
1003,2024-11-06,Europe,Organic Search,Basic,15.0,Active,2024-11-06,,22,330.0,2026-07-29,3,633,0,600.942760942761,200
241,2024-11-20,Europe,Paid Ads,Basic,15.0,Active,2024-11-20,,21,315.0,2026-07-13,19,619,0,600.942760942761,201
600,2024-12-05,Europe,Organic Search,Basic,15.0,Active,2024-12-05,,21,315.0,2026-07-28,4,604,0,600.942760942761,202
648,2024-11-11,Europe,Paid Ads,Standard,35.0,Cancelled,2024-11-11,2025-07-28,9,315.0,2025-07-09,388,259,1,600.942760942761,203
772,2024-11-16,Europe,Referral,Basic,15.0,Active,2024-11-16,,21,315.0,2026-07-09,23,623,0,600.942760942761,204
802,2024-04-26,Europe,Organic Search,Standard,35.0,Cancelled,2024-04-26,2024-12-31,9,315.0,2024-12-22,587,249,1,600.942760942761,205
949,2024-05-10,Europe,Referral,Standard,35.0,Cancelled,2024-05-10,2025-01-19,9,315.0,2025-01-05,573,254,1,600.942760942761,206
976,2024-11-29,Europe,Organic Search,Basic,15.0,Active,2024-11-29,,21,315.0,2026-07-22,10,610,0,600.942760942761,207
1100,2024-11-20,Europe,Paid Ads,Basic,15.0,Active,2024-11-20,,21,315.0,2026-07-13,19,619,0,600.942760942761,208
259,2025-01-03,Europe,Referral,Basic,15.0,Active,2025-01-03,,20,300.0,2026-07-27,5,575,0,600.942760942761,209
524,2024-12-24,Europe,Referral,Basic,15.0,Active,2024-12-24,,20,300.0,2026-07-17,15,585,0,600.942760942761,210
555,2024-12-19,Europe,Social Media,Basic,15.0,Active,2024-12-19,,20,300.0,2026-07-12,20,590,0,600.942760942761,211
588,2024-12-22,Europe,Paid Ads,Basic,15.0,Active,2024-12-22,,20,300.0,2026-07-15,17,587,0,600.942760942761,212
617,2024-12-25,Europe,Referral,Basic,15.0,Active,2024-12-25,,20,300.0,2026-07-18,14,584,0,600.942760942761,213
680,2024-12-10,Europe,Referral,Basic,15.0,Active,2024-12-10,,20,300.0,2026-07-03,29,599,0,600.942760942761,214
829,2025-01-08,Europe,Social Media,Basic,15.0,Active,2025-01-08,,20,300.0,2026-08-01,0,570,0,600.942760942761,215
888,2024-12-14,Europe,Paid Ads,Basic,15.0,Active,2024-12-14,,20,300.0,2026-07-07,25,595,0,600.942760942761,216
927,2025-01-15,Europe,Social Media,Premium,75.0,Cancelled,2025-01-15,2025-04-23,4,300.0,2025-04-15,473,98,1,600.942760942761,217
330,2025-01-22,Europe,Social Media,Basic,15.0,Active,2025-01-22,,19,285.0,2026-07-16,16,556,0,600.942760942761,218
618,2025-01-24,Europe,Paid Ads,Basic,15.0,Active,2025-01-24,,19,285.0,2026-07-18,14,554,0,600.942760942761,219
636,2025-02-07,Europe,Referral,Basic,15.0,Active,2025-02-07,,19,285.0,2026-08-01,0,540,0,600.942760942761,220
963,2025-01-15,Europe,Paid Ads,Basic,15.0,Active,2025-01-15,,19,285.0,2026-07-09,23,563,0,600.942760942761,221
935,2025-04-29,Europe,Referral,Standard,35.0,Cancelled,2025-04-29,2025-12-16,8,280.0,2025-11-25,249,231,1,600.942760942761,222
1054,2024-06-05,Europe,Paid Ads,Standard,35.0,Cancelled,2024-06-05,2025-01-22,8,280.0,2025-01-01,577,231,1,600.942760942761,223
1095,2025-03-10,Europe,Paid Ads,Standard,35.0,Cancelled,2025-03-10,2025-10-29,8,280.0,2025-10-06,299,233,1,600.942760942761,224
782,2025-02-21,Europe,Organic Search,Basic,15.0,Active,2025-02-21,,18,270.0,2026-07-16,16,526,0,600.942760942761,225
790,2025-02-25,Europe,Organic Search,Basic,15.0,Active,2025-02-25,,18,270.0,2026-07-20,12,522,0,600.942760942761,226
889,2025-02-08,Europe,Paid Ads,Basic,15.0,Active,2025-02-08,,18,270.0,2026-07-03,29,539,0,600.942760942761,227
954,2025-03-06,Europe,Paid Ads,Basic,15.0,Active,2025-03-06,,18,270.0,2026-07-29,3,513,0,600.942760942761,228
1001,2025-02-09,Europe,Paid Ads,Basic,15.0,Active,2025-02-09,,18,270.0,2026-07-04,28,538,0,600.942760942761,229
1052,2025-02-24,Europe,Organic Search,Basic,15.0,Active,2025-02-24,,18,270.0,2026-07-19,13,523,0,600.942760942761,230
300,2025-03-22,Europe,Paid Ads,Basic,15.0,Active,2025-03-22,,17,255.0,2026-07-15,17,497,0,600.942760942761,231
399,2025-03-10,Europe,Paid Ads,Basic,15.0,Active,2025-03-10,,17,255.0,2026-07-03,29,509,0,600.942760942761,232
568,2025-03-23,Europe,Referral,Basic,15.0,Active,2025-03-23,,17,255.0,2026-07-16,16,496,0,600.942760942761,233
999,2025-03-13,Europe,Referral,Basic,15.0,Active,2025-03-13,,17,255.0,2026-07-06,26,506,0,600.942760942761,234
360,2025-04-14,Europe,Referral,Basic,15.0,Active,2025-04-14,,16,240.0,2026-07-08,24,474,0,600.942760942761,235
820,2025-05-05,Europe,Paid Ads,Basic,15.0,Active,2025-05-05,,16,240.0,2026-07-29,3,453,0,600.942760942761,236
956,2025-04-20,Europe,Organic Search,Basic,15.0,Active,2025-04-20,,16,240.0,2026-07-14,18,468,0,600.942760942761,237
249,2025-05-13,Europe,Paid Ads,Basic,15.0,Active,2025-05-13,,15,225.0,2026-07-07,25,445,0,600.942760942761,238
425,2025-03-13,Europe,Paid Ads,Premium,75.0,Cancelled,2025-03-13,2025-06-08,3,225.0,2025-05-12,446,87,1,600.942760942761,239
605,2025-05-09,Europe,Organic Search,Basic,15.0,Active,2025-05-09,,15,225.0,2026-07-03,29,449,0,600.942760942761,240
725,2025-04-02,Europe,Paid Ads,Premium,75.0,Cancelled,2025-04-02,2025-06-02,3,225.0,2025-06-01,426,61,1,600.942760942761,241
589,2025-03-16,Europe,Paid Ads,Standard,35.0,Cancelled,2025-03-16,2025-09-03,6,210.0,2025-08-13,353,171,1,600.942760942761,242
596,2024-07-17,Europe,Organic Search,Standard,35.0,Cancelled,2024-07-17,2025-01-06,6,210.0,2024-12-14,595,173,1,600.942760942761,243
928,2024-01-26,Europe,Paid Ads,Basic,15.0,Cancelled,2024-01-26,2025-01-22,13,195.0,2025-01-20,558,362,1,600.942760942761,244
283,2024-08-07,Europe,Referral,Basic,15.0,Cancelled,2024-08-07,2025-07-13,12,180.0,2025-07-03,394,340,1,600.942760942761,245
638,2024-06-25,Europe,Paid Ads,Basic,15.0,Cancelled,2024-06-25,2025-06-07,12,180.0,2025-05-21,437,347,1,600.942760942761,246
655,2025-04-02,Europe,Referral,Basic,15.0,Cancelled,2025-04-02,2026-03-20,12,180.0,2026-02-26,156,352,1,600.942760942761,247
656,2024-12-26,Europe,Organic Search,Standard,35.0,Cancelled,2024-12-26,2025-05-21,5,175.0,2025-04-25,463,146,1,600.942760942761,248
203,2024-02-23,Europe,Paid Ads,Basic,15.0,Cancelled,2024-02-23,2024-12-29,11,165.0,2024-12-19,590,310,1,600.942760942761,249
583,2024-02-08,Europe,Social Media,Basic,15.0,Cancelled,2024-02-08,2024-12-14,11,165.0,2024-12-04,605,310,1,600.942760942761,250
602,2024-04-26,Europe,Paid Ads,Basic,15.0,Cancelled,2024-04-26,2025-03-16,11,165.0,2025-02-20,527,324,1,600.942760942761,251
671,2025-03-03,Europe,Organic Search,Basic,15.0,Cancelled,2025-03-03,2026-01-08,11,165.0,2025-12-28,216,311,1,600.942760942761,252
718,2025-01-09,Europe,Paid Ads,Basic,15.0,Cancelled,2025-01-09,2025-11-21,11,165.0,2025-11-05,269,316,1,600.942760942761,253
732,2024-03-25,Europe,Paid Ads,Basic,15.0,Cancelled,2024-03-25,2025-02-05,11,165.0,2025-01-19,559,317,1,600.942760942761,254
791,2024-04-25,Europe,Referral,Basic,15.0,Cancelled,2024-04-25,2025-02-24,11,165.0,2025-02-19,528,305,1,600.942760942761,255
870,2024-01-24,Europe,Social Media,Basic,15.0,Cancelled,2024-01-24,2024-12-11,11,165.0,2024-11-19,620,322,1,600.942760942761,256
1012,2024-08-24,Europe,Paid Ads,Basic,15.0,Cancelled,2024-08-24,2025-06-27,11,165.0,2025-06-20,407,307,1,600.942760942761,257
1033,2025-02-26,Europe,Paid Ads,Basic,15.0,Cancelled,2025-02-26,2026-01-14,11,165.0,2025-12-23,221,322,1,600.942760942761,258
647,2025-02-25,Europe,Organic Search,Basic,15.0,Cancelled,2025-02-25,2025-12-08,10,150.0,2025-11-22,252,286,1,600.942760942761,259
713,2024-02-08,Europe,Referral,Basic,15.0,Cancelled,2024-02-08,2024-11-20,10,150.0,2024-11-04,635,286,1,600.942760942761,260
265,2025-01-18,Europe,Paid Ads,Standard,35.0,Cancelled,2025-01-18,2025-05-03,4,140.0,2025-04-18,470,105,1,600.942760942761,261
486,2024-11-05,Europe,Referral,Standard,35.0,Cancelled,2024-11-05,2025-02-23,4,140.0,2025-02-03,544,110,1,600.942760942761,262
826,2024-04-14,Europe,Paid Ads,Standard,35.0,Cancelled,2024-04-14,2024-07-30,4,140.0,2024-07-13,749,107,1,600.942760942761,263
1076,2024-12-24,Europe,Organic Search,Standard,35.0,Cancelled,2024-12-24,2025-03-31,4,140.0,2025-03-24,495,97,1,600.942760942761,264
182,2024-12-05,Europe,Paid Ads,Basic,15.0,Cancelled,2024-12-05,2025-08-31,9,135.0,2025-08-02,364,269,1,600.942760942761,265
455,2024-03-18,Europe,Social Media,Basic,15.0,Cancelled,2024-03-18,2024-12-06,9,135.0,2024-11-13,626,263,1,600.942760942761,266
381,2025-02-10,Europe,Organic Search,Basic,15.0,Cancelled,2025-02-10,2025-09-21,8,120.0,2025-09-08,327,223,1,600.942760942761,267
412,2024-10-25,Europe,Social Media,Basic,15.0,Cancelled,2024-10-25,2025-06-11,8,120.0,2025-05-23,435,229,1,600.942760942761,268
522,2024-07-03,Europe,Organic Search,Basic,15.0,Cancelled,2024-07-03,2025-02-09,8,120.0,2025-01-29,549,221,1,600.942760942761,269
750,2025-02-03,Europe,Referral,Basic,15.0,Cancelled,2025-02-03,2025-09-10,8,120.0,2025-09-01,334,219,1,600.942760942761,270
855,2024-08-18,Europe,Referral,Basic,15.0,Cancelled,2024-08-18,2025-03-27,8,120.0,2025-03-16,503,221,1,600.942760942761,271
973,2024-08-06,Europe,Organic Search,Basic,15.0,Cancelled,2024-08-06,2025-03-11,8,120.0,2025-03-04,515,217,1,600.942760942761,272
1082,2024-01-05,Europe,Paid Ads,Basic,15.0,Cancelled,2024-01-05,2024-08-03,8,120.0,2024-08-02,729,211,1,600.942760942761,273
113,2024-11-02,Europe,Paid Ads,Basic,15.0,Cancelled,2024-11-02,2025-05-03,7,105.0,2025-05-01,457,182,1,600.942760942761,274
138,2024-01-05,Europe,Referral,Standard,35.0,Cancelled,2024-01-05,2024-03-13,3,105.0,2024-03-05,879,68,1,600.942760942761,275
392,2024-12-04,Europe,Paid Ads,Basic,15.0,Cancelled,2024-12-04,2025-06-19,7,105.0,2025-06-02,425,197,1,600.942760942761,276
470,2024-08-24,Europe,Organic Search,Basic,15.0,Cancelled,2024-08-24,2025-03-03,7,105.0,2025-02-20,527,191,1,600.942760942761,277
481,2024-07-08,Europe,Organic Search,Basic,15.0,Cancelled,2024-07-08,2025-01-28,7,105.0,2025-01-04,574,204,1,600.942760942761,278
666,2024-06-09,Europe,Organic Search,Basic,15.0,Cancelled,2024-06-09,2025-01-02,7,105.0,2024-12-06,603,207,1,600.942760942761,279
982,2025-01-09,Europe,Paid Ads,Basic,15.0,Cancelled,2025-01-09,2025-07-26,7,105.0,2025-07-08,389,198,1,600.942760942761,280
152,2024-07-16,Europe,Paid Ads,Basic,15.0,Cancelled,2024-07-16,2024-12-28,6,90.0,2024-12-13,596,165,1,600.942760942761,281
464,2024-10-19,Europe,Paid Ads,Basic,15.0,Cancelled,2024-10-19,2025-03-24,6,90.0,2025-03-18,501,156,1,600.942760942761,282
676,2024-06-23,Europe,Social Media,Basic,15.0,Cancelled,2024-06-23,2024-12-09,6,90.0,2024-11-20,619,169,1,600.942760942761,283
835,2024-07-31,Europe,Paid Ads,Basic,15.0,Cancelled,2024-07-31,2024-12-30,6,90.0,2024-12-28,581,152,1,600.942760942761,284
876,2024-04-22,Europe,Organic Search,Basic,15.0,Cancelled,2024-04-22,2024-09-25,6,90.0,2024-09-19,681,156,1,600.942760942761,285
155,2024-04-05,Europe,Paid Ads,Basic,15.0,Cancelled,2024-04-05,2024-08-06,5,75.0,2024-08-03,728,123,1,600.942760942761,286
914,2024-12-19,Europe,Paid Ads,Basic,15.0,Cancelled,2024-12-19,2025-04-26,5,75.0,2025-04-18,470,128,1,600.942760942761,287
332,2024-02-03,Europe,Paid Ads,Standard,35.0,Cancelled,2024-02-03,2024-03-31,2,70.0,2024-03-04,880,57,1,600.942760942761,288
730,2024-03-18,Europe,Organic Search,Standard,35.0,Cancelled,2024-03-18,2024-05-11,2,70.0,2024-04-17,836,54,1,600.942760942761,289
1067,2024-05-13,Europe,Social Media,Standard,35.0,Cancelled,2024-05-13,2024-07-09,2,70.0,2024-06-12,780,57,1,600.942760942761,290
185,2024-06-11,Europe,Organic Search,Basic,15.0,Cancelled,2024-06-11,2024-09-26,4,60.0,2024-09-09,691,107,1,600.942760942761,291
756,2024-09-28,Europe,Organic Search,Basic,15.0,Cancelled,2024-09-28,2025-01-17,4,60.0,2024-12-27,582,111,1,600.942760942761,292
778,2024-01-31,Europe,Paid Ads,Basic,15.0,Cancelled,2024-01-31,2024-05-12,4,60.0,2024-04-30,823,102,1,600.942760942761,293
236,2025-04-18,Europe,Paid Ads,Basic,15.0,Cancelled,2025-04-18,2025-06-20,3,45.0,2025-06-17,410,63,1,600.942760942761,294
255,2025-01-28,Europe,Paid Ads,Basic,15.0,Cancelled,2025-01-28,2025-03-29,3,45.0,2025-03-29,490,60,1,600.942760942761,295
998,2024-10-27,Europe,Organic Search,Basic,15.0,Cancelled,2024-10-27,2025-01-18,3,45.0,2024-12-26,583,83,1,600.942760942761,296
593,2024-07-26,Europe,Organic Search,Basic,15.0,Cancelled,2024-07-26,2024-09-11,2,30.0,2024-08-25,706,47,1,600.942760942761,297
852,2024-01-03,Latin America,Organic Search,Premium,75.0,Active,2024-01-03,,32,2400.0,2026-07-21,11,941,0,552.2115384615385,1
137,2024-04-10,Latin America,Social Media,Premium,75.0,Active,2024-04-10,,29,2175.0,2026-07-29,3,843,0,552.2115384615385,2
291,2024-05-26,Latin America,Paid Ads,Premium,75.0,Active,2024-05-26,,27,2025.0,2026-07-15,17,797,0,552.2115384615385,3
1048,2024-06-20,Latin America,Paid Ads,Premium,75.0,Active,2024-06-20,,26,1950.0,2026-07-10,22,772,0,552.2115384615385,4
256,2024-08-14,Latin America,Paid Ads,Premium,75.0,Active,2024-08-14,,24,1800.0,2026-07-05,27,717,0,552.2115384615385,5
705,2024-10-18,Latin America,Organic Search,Premium,75.0,Active,2024-10-18,,22,1650.0,2026-07-10,22,652,0,552.2115384615385,6
1096,2025-01-25,Latin America,Organic Search,Premium,75.0,Active,2025-01-25,,19,1425.0,2026-07-19,13,553,0,552.2115384615385,7
715,2025-03-15,Latin America,Paid Ads,Premium,75.0,Active,2025-03-15,,17,1275.0,2026-07-08,24,504,0,552.2115384615385,8
229,2025-05-02,Latin America,Paid Ads,Premium,75.0,Active,2025-05-02,,16,1200.0,2026-07-26,6,456,0,552.2115384615385,9
461,2024-01-02,Latin America,Paid Ads,Standard,35.0,Active,2024-01-02,,32,1120.0,2026-07-20,12,942,0,552.2115384615385,10
144,2024-02-05,Latin America,Paid Ads,Standard,35.0,Active,2024-02-05,,31,1085.0,2026-07-24,8,908,0,552.2115384615385,11
196,2024-01-17,Latin America,Paid Ads,Standard,35.0,Active,2024-01-17,,31,1085.0,2026-07-05,27,927,0,552.2115384615385,12
894,2024-01-31,Latin America,Paid Ads,Standard,35.0,Active,2024-01-31,,31,1085.0,2026-07-19,13,913,0,552.2115384615385,13
215,2024-03-03,Latin America,Social Media,Standard,35.0,Active,2024-03-03,,30,1050.0,2026-07-21,11,881,0,552.2115384615385,14
534,2024-03-12,Latin America,Paid Ads,Standard,35.0,Active,2024-03-12,,30,1050.0,2026-07-30,2,872,0,552.2115384615385,15
1061,2024-03-07,Latin America,Paid Ads,Standard,35.0,Active,2024-03-07,,30,1050.0,2026-07-25,7,877,0,552.2115384615385,16
269,2024-04-18,Latin America,Social Media,Standard,35.0,Active,2024-04-18,,28,980.0,2026-07-07,25,835,0,552.2115384615385,17
834,2024-04-23,Latin America,Organic Search,Standard,35.0,Active,2024-04-23,,28,980.0,2026-07-12,20,830,0,552.2115384615385,18
681,2024-05-26,Latin America,Social Media,Standard,35.0,Active,2024-05-26,,27,945.0,2026-07-15,17,797,0,552.2115384615385,19
657,2024-06-19,Latin America,Organic Search,Standard,35.0,Active,2024-06-19,,26,910.0,2026-07-09,23,773,0,552.2115384615385,20
907,2024-06-13,Latin America,Organic Search,Standard,35.0,Active,2024-06-13,,26,910.0,2026-07-03,29,779,0,552.2115384615385,21
573,2024-08-29,Latin America,Organic Search,Standard,35.0,Active,2024-08-29,,24,840.0,2026-07-20,12,702,0,552.2115384615385,22
114,2024-09-30,Latin America,Social Media,Standard,35.0,Active,2024-09-30,,23,805.0,2026-07-22,10,670,0,552.2115384615385,23
620,2024-09-20,Latin America,Paid Ads,Standard,35.0,Active,2024-09-20,,23,805.0,2026-07-12,20,680,0,552.2115384615385,24
838,2024-09-24,Latin America,Organic Search,Standard,35.0,Active,2024-09-24,,23,805.0,2026-07-16,16,676,0,552.2115384615385,25
669,2024-11-01,Latin America,Paid Ads,Standard,35.0,Active,2024-11-01,,22,770.0,2026-07-24,8,638,0,552.2115384615385,26
1017,2024-11-05,Latin America,Paid Ads,Standard,35.0,Active,2024-11-05,,22,770.0,2026-07-28,4,634,0,552.2115384615385,27
375,2024-11-21,Latin America,Referral,Standard,35.0,Active,2024-11-21,,21,735.0,2026-07-14,18,618,0,552.2115384615385,28
299,2024-12-22,Latin America,Social Media,Standard,35.0,Active,2024-12-22,,20,700.0,2026-07-15,17,587,0,552.2115384615385,29
418,2024-12-21,Latin America,Referral,Standard,35.0,Active,2024-12-21,,20,700.0,2026-07-14,18,588,0,552.2115384615385,30
939,2024-12-30,Latin America,Organic Search,Standard,35.0,Active,2024-12-30,,20,700.0,2026-07-23,9,579,0,552.2115384615385,31
227,2024-02-27,Latin America,Paid Ads,Premium,75.0,Cancelled,2024-02-27,2024-11-20,9,675.0,2024-10-24,646,267,1,552.2115384615385,32
173,2025-03-09,Latin America,Social Media,Standard,35.0,Active,2025-03-09,,18,630.0,2026-08-01,0,510,0,552.2115384615385,33
403,2025-02-23,Latin America,Referral,Standard,35.0,Active,2025-02-23,,18,630.0,2026-07-18,14,524,0,552.2115384615385,34
990,2025-02-28,Latin America,Paid Ads,Standard,35.0,Active,2025-02-28,,18,630.0,2026-07-23,9,519,0,552.2115384615385,35
290,2024-07-21,Latin America,Organic Search,Premium,75.0,Cancelled,2024-07-21,2025-03-04,8,600.0,2025-02-16,531,226,1,552.2115384615385,36
784,2025-04-07,Latin America,Organic Search,Standard,35.0,Active,2025-04-07,,17,595.0,2026-07-31,1,481,0,552.2115384615385,37
897,2025-03-14,Latin America,Organic Search,Standard,35.0,Active,2025-03-14,,17,595.0,2026-07-07,25,505,0,552.2115384615385,38
219,2025-05-06,Latin America,Paid Ads,Standard,35.0,Active,2025-05-06,,16,560.0,2026-07-30,2,452,0,552.2115384615385,39
328,2025-04-16,Latin America,Organic Search,Standard,35.0,Active,2025-04-16,,16,560.0,2026-07-10,22,472,0,552.2115384615385,40
769,2025-04-10,Latin America,Paid Ads,Standard,35.0,Active,2025-04-10,,16,560.0,2026-07-04,28,478,0,552.2115384615385,41
413,2024-09-10,Latin America,Paid Ads,Premium,75.0,Cancelled,2024-09-10,2025-03-23,7,525.0,2025-03-09,510,194,1,552.2115384615385,42
176,2024-01-02,Latin America,Social Media,Basic,15.0,Active,2024-01-02,,32,480.0,2026-07-20,12,942,0,552.2115384615385,43
118,2024-02-04,Latin America,Organic Search,Basic,15.0,Active,2024-02-04,,31,465.0,2026-07-23,9,909,0,552.2115384615385,44
197,2024-02-15,Latin America,Paid Ads,Basic,15.0,Active,2024-02-15,,30,450.0,2026-07-04,28,898,0,552.2115384615385,45
199,2024-10-28,Latin America,Social Media,Premium,75.0,Cancelled,2024-10-28,2025-04-10,6,450.0,2025-03-27,492,164,1,552.2115384615385,46
684,2024-03-03,Latin America,Paid Ads,Basic,15.0,Active,2024-03-03,,30,450.0,2026-07-21,11,881,0,552.2115384615385,47
429,2024-03-30,Latin America,Paid Ads,Basic,15.0,Active,2024-03-30,,29,435.0,2026-07-18,14,854,0,552.2115384615385,48
776,2024-03-19,Latin America,Paid Ads,Basic,15.0,Active,2024-03-19,,29,435.0,2026-07-07,25,865,0,552.2115384615385,49
158,2024-04-22,Latin America,Organic Search,Basic,15.0,Active,2024-04-22,,28,420.0,2026-07-11,21,831,0,552.2115384615385,50
806,2024-04-22,Latin America,Referral,Basic,15.0,Active,2024-04-22,,28,420.0,2026-07-11,21,831,0,552.2115384615385,51
258,2024-05-30,Latin America,Social Media,Basic,15.0,Active,2024-05-30,,27,405.0,2026-07-19,13,793,0,552.2115384615385,52
278,2024-05-24,Latin America,Social Media,Basic,15.0,Active,2024-05-24,,27,405.0,2026-07-13,19,799,0,552.2115384615385,53
597,2024-06-29,Latin America,Social Media,Basic,15.0,Active,2024-06-29,,26,390.0,2026-07-19,13,763,0,552.2115384615385,54
721,2024-06-18,Latin America,Paid Ads,Basic,15.0,Active,2024-06-18,,26,390.0,2026-07-08,24,774,0,552.2115384615385,55
156,2024-11-13,Latin America,Social Media,Standard,35.0,Cancelled,2024-11-13,2025-09-17,11,385.0,2025-09-09,326,308,1,552.2115384615385,56
586,2024-07-13,Latin America,Organic Search,Basic,15.0,Active,2024-07-13,,25,375.0,2026-07-03,29,749,0,552.2115384615385,57
881,2024-07-16,Latin America,Referral,Basic,15.0,Active,2024-07-16,,25,375.0,2026-07-06,26,746,0,552.2115384615385,58
198,2024-08-20,Latin America,Paid Ads,Basic,15.0,Active,2024-08-20,,24,360.0,2026-07-11,21,711,0,552.2115384615385,59
561,2024-08-22,Latin America,Paid Ads,Basic,15.0,Active,2024-08-22,,24,360.0,2026-07-13,19,709,0,552.2115384615385,60
979,2024-04-19,Latin America,Referral,Standard,35.0,Cancelled,2024-04-19,2025-02-05,10,350.0,2025-01-14,564,292,1,552.2115384615385,61
878,2024-10-29,Latin America,Social Media,Basic,15.0,Active,2024-10-29,,22,330.0,2026-07-21,11,641,0,552.2115384615385,62
295,2024-11-25,Latin America,Social Media,Basic,15.0,Active,2024-11-25,,21,315.0,2026-07-18,14,614,0,552.2115384615385,63
842,2024-05-29,Latin America,Social Media,Standard,35.0,Cancelled,2024-05-29,2025-02-10,9,315.0,2025-01-24,554,257,1,552.2115384615385,64
901,2024-12-03,Latin America,Organic Search,Basic,15.0,Active,2024-12-03,,21,315.0,2026-07-26,6,606,0,552.2115384615385,65
559,2024-12-10,Latin America,Organic Search,Basic,15.0,Active,2024-12-10,,20,300.0,2026-07-03,29,599,0,552.2115384615385,66
263,2025-01-30,Latin America,Social Media,Basic,15.0,Active,2025-01-30,,19,285.0,2026-07-24,8,548,0,552.2115384615385,67
302,2025-01-31,Latin America,Social Media,Basic,15.0,Active,2025-01-31,,19,285.0,2026-07-25,7,547,0,552.2115384615385,68
807,2025-01-27,Latin America,Social Media,Basic,15.0,Active,2025-01-27,,19,285.0,2026-07-21,11,551,0,552.2115384615385,69
551,2025-03-29,Latin America,Organic Search,Standard,35.0,Cancelled,2025-03-29,2025-11-03,8,280.0,2025-10-25,280,219,1,552.2115384615385,70
731,2025-02-12,Latin America,Organic Search,Basic,15.0,Active,2025-02-12,,18,270.0,2026-07-07,25,535,0,552.2115384615385,71
905,2025-03-07,Latin America,Organic Search,Basic,15.0,Active,2025-03-07,,18,270.0,2026-07-30,2,512,0,552.2115384615385,72
324,2025-03-10,Latin America,Paid Ads,Basic,15.0,Active,2025-03-10,,17,255.0,2026-07-03,29,509,0,552.2115384615385,73
436,2025-03-30,Latin America,Paid Ads,Basic,15.0,Active,2025-03-30,,17,255.0,2026-07-23,9,489,0,552.2115384615385,74
472,2025-03-17,Latin America,Referral,Basic,15.0,Active,2025-03-17,,17,255.0,2026-07-10,22,502,0,552.2115384615385,75
253,2025-05-07,Latin America,Organic Search,Basic,15.0,Active,2025-05-07,,16,240.0,2026-07-31,1,451,0,552.2115384615385,76
1005,2025-05-06,Latin America,Paid Ads,Basic,15.0,Active,2025-05-06,,16,240.0,2026-07-30,2,452,0,552.2115384615385,77
1021,2025-05-08,Latin America,Organic Search,Basic,15.0,Active,2025-05-08,,16,240.0,2026-08-01,0,450,0,552.2115384615385,78
338,2024-04-02,Latin America,Paid Ads,Basic,15.0,Cancelled,2024-04-02,2025-03-06,12,180.0,2025-02-26,521,338,1,552.2115384615385,79
422,2024-08-01,Latin America,Organic Search,Basic,15.0,Cancelled,2024-08-01,2025-07-03,12,180.0,2025-06-27,400,336,1,552.2115384615385,80
519,2024-09-30,Latin America,Referral,Basic,15.0,Cancelled,2024-09-30,2025-08-27,12,180.0,2025-08-26,340,331,1,552.2115384615385,81
570,2024-08-20,Latin America,Paid Ads,Standard,35.0,Cancelled,2024-08-20,2025-01-12,5,175.0,2024-12-18,591,145,1,552.2115384615385,82
537,2024-08-28,Latin America,Social Media,Basic,15.0,Cancelled,2024-08-28,2025-07-12,11,165.0,2025-06-24,403,318,1,552.2115384615385,83
698,2025-03-29,Latin America,Social Media,Basic,15.0,Cancelled,2025-03-29,2026-01-03,10,150.0,2025-12-24,220,280,1,552.2115384615385,84
631,2024-02-06,Latin America,Social Media,Basic,15.0,Cancelled,2024-02-06,2024-09-08,8,120.0,2024-09-03,697,215,1,552.2115384615385,85
637,2025-01-16,Latin America,Organic Search,Basic,15.0,Cancelled,2025-01-16,2025-09-03,8,120.0,2025-08-14,352,230,1,552.2115384615385,86
818,2024-12-31,Latin America,Social Media,Basic,15.0,Cancelled,2024-12-31,2025-08-03,8,120.0,2025-07-29,368,215,1,552.2115384615385,87
970,2024-05-21,Latin America,Organic Search,Basic,15.0,Cancelled,2024-05-21,2024-12-20,8,120.0,2024-12-17,592,213,1,552.2115384615385,88
222,2024-05-23,Latin America,Paid Ads,Standard,35.0,Cancelled,2024-05-23,2024-07-26,3,105.0,2024-07-22,740,64,1,552.2115384615385,89
910,2025-01-18,Latin America,Organic Search,Standard,35.0,Cancelled,2025-01-18,2025-04-05,3,105.0,2025-03-19,500,77,1,552.2115384615385,90
1094,2025-03-12,Latin America,Paid Ads,Basic,15.0,Cancelled,2025-03-12,2025-09-24,7,105.0,2025-09-08,327,196,1,552.2115384615385,91
952,2025-01-06,Latin America,Organic Search,Basic,15.0,Cancelled,2025-01-06,2025-06-08,6,90.0,2025-06-05,422,153,1,552.2115384615385,92
177,2025-03-28,Latin America,Paid Ads,Basic,15.0,Cancelled,2025-03-28,2025-08-08,5,75.0,2025-07-26,371,133,1,552.2115384615385,93
572,2024-10-04,Latin America,Referral,Basic,15.0,Cancelled,2024-10-04,2025-02-16,5,75.0,2025-02-01,546,135,1,552.2115384615385,94
1065,2025-03-01,Latin America,Organic Search,Basic,15.0,Cancelled,2025-03-01,2025-07-26,5,75.0,2025-06-29,398,147,1,552.2115384615385,95
154,2024-05-31,Latin America,Paid Ads,Standard,35.0,Cancelled,2024-05-31,2024-07-07,2,70.0,2024-06-30,762,37,1,552.2115384615385,96
288,2024-02-13,Latin America,Paid Ads,Basic,15.0,Cancelled,2024-02-13,2024-06-08,4,60.0,2024-05-13,810,116,1,552.2115384615385,97
423,2024-04-10,Latin America,Social Media,Basic,15.0,Cancelled,2024-04-10,2024-07-28,4,60.0,2024-07-09,753,109,1,552.2115384615385,98
387,2025-01-10,Latin America,Organic Search,Basic,15.0,Cancelled,2025-01-10,2025-04-03,3,45.0,2025-03-11,508,83,1,552.2115384615385,99
503,2025-05-03,Latin America,Organic Search,Basic,15.0,Cancelled,2025-05-03,2025-07-28,3,45.0,2025-07-02,395,86,1,552.2115384615385,100
531,2024-07-16,Latin America,Social Media,Basic,15.0,Cancelled,2024-07-16,2024-10-01,3,45.0,2024-09-14,686,77,1,552.2115384615385,101
386,2025-03-19,Latin America,Organic Search,Basic,15.0,Cancelled,2025-03-19,2025-05-07,2,30.0,2025-04-18,470,49,1,552.2115384615385,102
507,2025-01-05,Latin America,Social Media,Basic,15.0,Cancelled,2025-01-05,2025-02-05,2,30.0,2025-02-04,543,31,1,552.2115384615385,103
1006,2025-03-14,Latin America,Organic Search,Basic,15.0,Cancelled,2025-03-14,2025-04-16,2,30.0,2025-04-13,475,33,1,552.2115384615385,104
624,2024-01-03,North America,Organic Search,Premium,75.0,Active,2024-01-03,,32,2400.0,2026-07-21,11,941,0,570.7936507936508,1
991,2024-01-16,North America,Referral,Premium,75.0,Active,2024-01-16,,31,2325.0,2026-07-04,28,928,0,570.7936507936508,2
308,2024-03-03,North America,Social Media,Premium,75.0,Active,2024-03-03,,30,2250.0,2026-07-21,11,881,0,570.7936507936508,3
339,2024-02-20,North America,Organic Search,Premium,75.0,Active,2024-02-20,,30,2250.0,2026-07-09,23,893,0,570.7936507936508,4
1074,2024-02-20,North America,Paid Ads,Premium,75.0,Active,2024-02-20,,30,2250.0,2026-07-09,23,893,0,570.7936507936508,5
251,2024-03-30,North America,Organic Search,Premium,75.0,Active,2024-03-30,,29,2175.0,2026-07-18,14,854,0,570.7936507936508,6
930,2024-04-06,North America,Referral,Premium,75.0,Active,2024-04-06,,29,2175.0,2026-07-25,7,847,0,570.7936507936508,7
366,2024-04-21,North America,Organic Search,Premium,75.0,Active,2024-04-21,,28,2100.0,2026-07-10,22,832,0,570.7936507936508,8
877,2024-04-25,North America,Social Media,Premium,75.0,Active,2024-04-25,,28,2100.0,2026-07-14,18,828,0,570.7936507936508,9
722,2024-06-02,North America,Paid Ads,Premium,75.0,Active,2024-06-02,,27,2025.0,2026-07-22,10,790,0,570.7936507936508,10
871,2024-06-07,North America,Paid Ads,Premium,75.0,Active,2024-06-07,,27,2025.0,2026-07-27,5,785,0,570.7936507936508,11
1062,2024-06-03,North America,Social Media,Premium,75.0,Active,2024-06-03,,27,2025.0,2026-07-23,9,789,0,570.7936507936508,12
298,2024-07-04,North America,Organic Search,Premium,75.0,Active,2024-07-04,,26,1950.0,2026-07-24,8,758,0,570.7936507936508,13
438,2024-07-07,North America,Organic Search,Premium,75.0,Active,2024-07-07,,26,1950.0,2026-07-27,5,755,0,570.7936507936508,14
719,2024-08-07,North America,Organic Search,Premium,75.0,Active,2024-08-07,,25,1875.0,2026-07-28,4,724,0,570.7936507936508,15
744,2024-08-02,North America,Paid Ads,Premium,75.0,Active,2024-08-02,,25,1875.0,2026-07-23,9,729,0,570.7936507936508,16
926,2024-08-01,North America,Organic Search,Premium,75.0,Active,2024-08-01,,25,1875.0,2026-07-22,10,730,0,570.7936507936508,17
937,2024-07-28,North America,Referral,Premium,75.0,Active,2024-07-28,,25,1875.0,2026-07-18,14,734,0,570.7936507936508,18
758,2024-08-24,North America,Organic Search,Premium,75.0,Active,2024-08-24,,24,1800.0,2026-07-15,17,707,0,570.7936507936508,19
331,2024-09-29,North America,Paid Ads,Premium,75.0,Active,2024-09-29,,23,1725.0,2026-07-21,11,671,0,570.7936507936508,20
454,2024-09-20,North America,Organic Search,Premium,75.0,Active,2024-09-20,,23,1725.0,2026-07-12,20,680,0,570.7936507936508,21
496,2024-10-01,North America,Social Media,Premium,75.0,Active,2024-10-01,,23,1725.0,2026-07-23,9,669,0,570.7936507936508,22
674,2024-12-06,North America,Referral,Premium,75.0,Active,2024-12-06,,21,1575.0,2026-07-29,3,603,0,570.7936507936508,23
872,2024-11-14,North America,Organic Search,Premium,75.0,Active,2024-11-14,,21,1575.0,2026-07-07,25,625,0,570.7936507936508,24
1060,2024-11-20,North America,Social Media,Premium,75.0,Active,2024-11-20,,21,1575.0,2026-07-13,19,619,0,570.7936507936508,25
675,2024-12-17,North America,Social Media,Premium,75.0,Active,2024-12-17,,20,1500.0,2026-07-10,22,592,0,570.7936507936508,26
1000,2024-12-26,North America,Organic Search,Premium,75.0,Active,2024-12-26,,20,1500.0,2026-07-19,13,583,0,570.7936507936508,27
127,2025-01-14,North America,Organic Search,Premium,75.0,Active,2025-01-14,,19,1425.0,2026-07-08,24,564,0,570.7936507936508,28
380,2025-01-24,North America,Organic Search,Premium,75.0,Active,2025-01-24,,19,1425.0,2026-07-18,14,554,0,570.7936507936508,29
611,2025-02-27,North America,Paid Ads,Premium,75.0,Active,2025-02-27,,18,1350.0,2026-07-22,10,520,0,570.7936507936508,30
458,2025-04-10,North America,Organic Search,Premium,75.0,Active,2025-04-10,,16,1200.0,2026-07-04,28,478,0,570.7936507936508,31
734,2025-05-01,North America,Social Media,Premium,75.0,Active,2025-05-01,,16,1200.0,2026-07-25,7,457,0,570.7936507936508,32
798,2025-04-18,North America,Social Media,Premium,75.0,Active,2025-04-18,,16,1200.0,2026-07-12,20,470,0,570.7936507936508,33
912,2025-05-04,North America,Referral,Premium,75.0,Active,2025-05-04,,16,1200.0,2026-07-28,4,454,0,570.7936507936508,34
178,2024-01-09,North America,Referral,Standard,35.0,Active,2024-01-09,,32,1120.0,2026-07-27,5,935,0,570.7936507936508,35
370,2024-01-06,North America,Social Media,Standard,35.0,Active,2024-01-06,,32,1120.0,2026-07-24,8,938,0,570.7936507936508,36
371,2024-01-04,North America,Social Media,Standard,35.0,Active,2024-01-04,,32,1120.0,2026-07-22,10,940,0,570.7936507936508,37
654,2024-01-10,North America,Organic Search,Standard,35.0,Active,2024-01-10,,32,1120.0,2026-07-28,4,934,0,570.7936507936508,38
720,2024-01-10,North America,Paid Ads,Standard,35.0,Active,2024-01-10,,32,1120.0,2026-07-28,4,934,0,570.7936507936508,39
374,2024-01-26,North America,Referral,Standard,35.0,Active,2024-01-26,,31,1085.0,2026-07-14,18,918,0,570.7936507936508,40
1020,2024-02-10,North America,Referral,Standard,35.0,Active,2024-02-10,,31,1085.0,2026-07-29,3,903,0,570.7936507936508,41
146,2024-02-14,North America,Organic Search,Standard,35.0,Active,2024-02-14,,30,1050.0,2026-07-03,29,899,0,570.7936507936508,42
318,2024-03-12,North America,Paid Ads,Standard,35.0,Active,2024-03-12,,30,1050.0,2026-07-30,2,872,0,570.7936507936508,43
803,2024-02-21,North America,Referral,Standard,35.0,Active,2024-02-21,,30,1050.0,2026-07-10,22,892,0,570.7936507936508,44
808,2024-02-17,North America,Social Media,Standard,35.0,Active,2024-02-17,,30,1050.0,2026-07-06,26,896,0,570.7936507936508,45
936,2024-02-16,North America,Social Media,Standard,35.0,Active,2024-02-16,,30,1050.0,2026-07-05,27,897,0,570.7936507936508,46
1088,2024-03-10,North America,Paid Ads,Standard,35.0,Active,2024-03-10,,30,1050.0,2026-07-28,4,874,0,570.7936507936508,47
340,2024-04-01,North America,Organic Search,Standard,35.0,Active,2024-04-01,,29,1015.0,2026-07-20,12,852,0,570.7936507936508,48
372,2024-04-03,North America,Referral,Standard,35.0,Active,2024-04-03,,29,1015.0,2026-07-22,10,850,0,570.7936507936508,49
181,2024-04-22,North America,Social Media,Standard,35.0,Active,2024-04-22,,28,980.0,2026-07-11,21,831,0,570.7936507936508,50
393,2024-05-11,North America,Paid Ads,Standard,35.0,Active,2024-05-11,,28,980.0,2026-07-30,2,812,0,570.7936507936508,51
447,2024-05-10,North America,Organic Search,Standard,35.0,Active,2024-05-10,,28,980.0,2026-07-29,3,813,0,570.7936507936508,52
494,2024-05-10,North America,Organic Search,Standard,35.0,Active,2024-05-10,,28,980.0,2026-07-29,3,813,0,570.7936507936508,53
545,2024-04-14,North America,Organic Search,Standard,35.0,Active,2024-04-14,,28,980.0,2026-07-03,29,839,0,570.7936507936508,54
672,2024-05-05,North America,Referral,Standard,35.0,Active,2024-05-05,,28,980.0,2026-07-24,8,818,0,570.7936507936508,55
752,2024-04-24,North America,Social Media,Standard,35.0,Active,2024-04-24,,28,980.0,2026-07-13,19,829,0,570.7936507936508,56
794,2024-05-12,North America,Paid Ads,Standard,35.0,Active,2024-05-12,,28,980.0,2026-07-31,1,811,0,570.7936507936508,57
918,2024-04-21,North America,Organic Search,Standard,35.0,Active,2024-04-21,,28,980.0,2026-07-10,22,832,0,570.7936507936508,58
942,2024-04-16,North America,Referral,Standard,35.0,Active,2024-04-16,,28,980.0,2026-07-05,27,837,0,570.7936507936508,59
1069,2024-05-05,North America,Paid Ads,Standard,35.0,Active,2024-05-05,,28,980.0,2026-07-24,8,818,0,570.7936507936508,60
223,2024-06-06,North America,Paid Ads,Standard,35.0,Active,2024-06-06,,27,945.0,2026-07-26,6,786,0,570.7936507936508,61
365,2024-05-29,North America,Paid Ads,Standard,35.0,Active,2024-05-29,,27,945.0,2026-07-18,14,794,0,570.7936507936508,62
397,2024-06-01,North America,Paid Ads,Standard,35.0,Active,2024-06-01,,27,945.0,2026-07-21,11,791,0,570.7936507936508,63
409,2024-05-15,North America,Organic Search,Standard,35.0,Active,2024-05-15,,27,945.0,2026-07-04,28,808,0,570.7936507936508,64
426,2024-05-28,North America,Referral,Standard,35.0,Active,2024-05-28,,27,945.0,2026-07-17,15,795,0,570.7936507936508,65
699,2024-06-01,North America,Paid Ads,Standard,35.0,Active,2024-06-01,,27,945.0,2026-07-21,11,791,0,570.7936507936508,66
738,2024-05-15,North America,Paid Ads,Standard,35.0,Active,2024-05-15,,27,945.0,2026-07-04,28,808,0,570.7936507936508,67
751,2024-05-23,North America,Organic Search,Standard,35.0,Active,2024-05-23,,27,945.0,2026-07-12,20,800,0,570.7936507936508,68
768,2024-06-11,North America,Referral,Standard,35.0,Active,2024-06-11,,27,945.0,2026-07-31,1,781,0,570.7936507936508,69
828,2024-06-12,North America,Social Media,Standard,35.0,Active,2024-06-12,,27,945.0,2026-08-01,0,780,0,570.7936507936508,70
1083,2024-05-26,North America,Paid Ads,Standard,35.0,Active,2024-05-26,,27,945.0,2026-07-15,17,797,0,570.7936507936508,71
1099,2024-05-26,North America,Organic Search,Standard,35.0,Active,2024-05-26,,27,945.0,2026-07-15,17,797,0,570.7936507936508,72
167,2024-07-05,North America,Organic Search,Standard,35.0,Active,2024-07-05,,26,910.0,2026-07-25,7,757,0,570.7936507936508,73
432,2024-06-27,North America,Paid Ads,Standard,35.0,Active,2024-06-27,,26,910.0,2026-07-17,15,765,0,570.7936507936508,74
575,2024-07-11,North America,Organic Search,Standard,35.0,Active,2024-07-11,,26,910.0,2026-07-31,1,751,0,570.7936507936508,75
1066,2024-06-18,North America,Paid Ads,Standard,35.0,Active,2024-06-18,,26,910.0,2026-07-08,24,774,0,570.7936507936508,76
401,2025-03-23,North America,Social Media,Premium,75.0,Cancelled,2025-03-23,2026-03-07,12,900.0,2026-02-16,166,349,1,570.7936507936508,77
902,2024-07-14,North America,Referral,Standard,35.0,Active,2024-07-14,,25,875.0,2026-07-04,28,748,0,570.7936507936508,78
1034,2024-07-20,North America,Paid Ads,Standard,35.0,Active,2024-07-20,,25,875.0,2026-07-10,22,742,0,570.7936507936508,79
115,2024-08-29,North America,Organic Search,Standard,35.0,Active,2024-08-29,,24,840.0,2026-07-20,12,702,0,570.7936507936508,80
272,2024-08-26,North America,Referral,Standard,35.0,Active,2024-08-26,,24,840.0,2026-07-17,15,705,0,570.7936507936508,81
292,2024-08-20,North America,Organic Search,Standard,35.0,Active,2024-08-20,,24,840.0,2026-07-11,21,711,0,570.7936507936508,82
488,2024-09-06,North America,Organic Search,Standard,35.0,Active,2024-09-06,,24,840.0,2026-07-28,4,694,0,570.7936507936508,83
540,2024-08-28,North America,Paid Ads,Standard,35.0,Active,2024-08-28,,24,840.0,2026-07-19,13,703,0,570.7936507936508,84
668,2024-09-07,North America,Social Media,Standard,35.0,Active,2024-09-07,,24,840.0,2026-07-29,3,693,0,570.7936507936508,85
841,2024-08-23,North America,Paid Ads,Standard,35.0,Active,2024-08-23,,24,840.0,2026-07-14,18,708,0,570.7936507936508,86
850,2024-08-16,North America,Paid Ads,Standard,35.0,Active,2024-08-16,,24,840.0,2026-07-07,25,715,0,570.7936507936508,87
220,2024-09-18,North America,Paid Ads,Standard,35.0,Active,2024-09-18,,23,805.0,2026-07-10,22,682,0,570.7936507936508,88
264,2024-09-21,North America,Social Media,Standard,35.0,Active,2024-09-21,,23,805.0,2026-07-13,19,679,0,570.7936507936508,89
356,2024-09-29,North America,Paid Ads,Standard,35.0,Active,2024-09-29,,23,805.0,2026-07-21,11,671,0,570.7936507936508,90
592,2024-10-06,North America,Social Media,Standard,35.0,Active,2024-10-06,,23,805.0,2026-07-28,4,664,0,570.7936507936508,91
664,2024-10-08,North America,Organic Search,Standard,35.0,Active,2024-10-08,,23,805.0,2026-07-30,2,662,0,570.7936507936508,92
985,2024-09-21,North America,Paid Ads,Standard,35.0,Active,2024-09-21,,23,805.0,2026-07-13,19,679,0,570.7936507936508,93
1009,2024-10-09,North America,Organic Search,Standard,35.0,Active,2024-10-09,,23,805.0,2026-07-31,1,661,0,570.7936507936508,94
123,2024-10-30,North America,Paid Ads,Standard,35.0,Active,2024-10-30,,22,770.0,2026-07-22,10,640,0,570.7936507936508,95
497,2024-10-31,North America,Social Media,Standard,35.0,Active,2024-10-31,,22,770.0,2026-07-23,9,639,0,570.7936507936508,96
809,2024-11-09,North America,Referral,Standard,35.0,Active,2024-11-09,,22,770.0,2026-08-01,0,630,0,570.7936507936508,97
1041,2024-10-27,North America,Social Media,Standard,35.0,Active,2024-10-27,,22,770.0,2026-07-19,13,643,0,570.7936507936508,98
1089,2024-10-30,North America,Referral,Standard,35.0,Active,2024-10-30,,22,770.0,2026-07-22,10,640,0,570.7936507936508,99
616,2025-04-26,North America,Referral,Premium,75.0,Cancelled,2025-04-26,2026-02-02,10,750.0,2026-01-21,192,282,1,570.7936507936508,100
789,2024-11-03,North America,Referral,Premium,75.0,Cancelled,2024-11-03,2025-08-16,10,750.0,2025-07-31,366,286,1,570.7936507936508,101
892,2024-11-08,North America,Organic Search,Premium,75.0,Cancelled,2024-11-08,2025-08-16,10,750.0,2025-08-05,361,281,1,570.7936507936508,102
217,2024-11-21,North America,Paid Ads,Standard,35.0,Active,2024-11-21,,21,735.0,2026-07-14,18,618,0,570.7936507936508,103
341,2024-11-21,North America,Paid Ads,Standard,35.0,Active,2024-11-21,,21,735.0,2026-07-14,18,618,0,570.7936507936508,104
824,2024-11-24,North America,Organic Search,Standard,35.0,Active,2024-11-24,,21,735.0,2026-07-17,15,615,0,570.7936507936508,105
975,2024-11-23,North America,Paid Ads,Standard,35.0,Active,2024-11-23,,21,735.0,2026-07-16,16,616,0,570.7936507936508,106
984,2024-11-12,North America,Organic Search,Standard,35.0,Active,2024-11-12,,21,735.0,2026-07-05,27,627,0,570.7936507936508,107
1097,2024-11-24,North America,Organic Search,Standard,35.0,Active,2024-11-24,,21,735.0,2026-07-17,15,615,0,570.7936507936508,108
140,2024-12-11,North America,Organic Search,Standard,35.0,Active,2024-12-11,,20,700.0,2026-07-04,28,598,0,570.7936507936508,109
170,2024-12-17,North America,Social Media,Standard,35.0,Active,2024-12-17,,20,700.0,2026-07-10,22,592,0,570.7936507936508,110
260,2024-12-20,North America,Social Media,Standard,35.0,Active,2024-12-20,,20,700.0,2026-07-13,19,589,0,570.7936507936508,111
379,2024-12-21,North America,Paid Ads,Standard,35.0,Active,2024-12-21,,20,700.0,2026-07-14,18,588,0,570.7936507936508,112
415,2024-12-28,North America,Paid Ads,Standard,35.0,Active,2024-12-28,,20,700.0,2026-07-21,11,581,0,570.7936507936508,113
1011,2024-12-20,North America,Paid Ads,Standard,35.0,Active,2024-12-20,,20,700.0,2026-07-13,19,589,0,570.7936507936508,114
1015,2024-12-18,North America,Social Media,Standard,35.0,Active,2024-12-18,,20,700.0,2026-07-11,21,591,0,570.7936507936508,115
1068,2025-01-03,North America,Paid Ads,Standard,35.0,Active,2025-01-03,,20,700.0,2026-07-27,5,575,0,570.7936507936508,116
150,2025-01-19,North America,Paid Ads,Premium,75.0,Cancelled,2025-01-19,2025-09-29,9,675.0,2025-09-16,319,253,1,570.7936507936508,117
804,2024-08-14,North America,Paid Ads,Premium,75.0,Cancelled,2024-08-14,2025-04-20,9,675.0,2025-04-11,477,249,1,570.7936507936508,118
446,2025-01-19,North America,Organic Search,Standard,35.0,Active,2025-01-19,,19,665.0,2026-07-13,19,559,0,570.7936507936508,119
774,2025-01-24,North America,Paid Ads,Standard,35.0,Active,2025-01-24,,19,665.0,2026-07-18,14,554,0,570.7936507936508,120
974,2025-01-10,North America,Organic Search,Standard,35.0,Active,2025-01-10,,19,665.0,2026-07-04,28,568,0,570.7936507936508,121
106,2025-02-17,North America,Organic Search,Standard,35.0,Active,2025-02-17,,18,630.0,2026-07-12,20,530,0,570.7936507936508,122
287,2025-02-20,North America,Social Media,Standard,35.0,Active,2025-02-20,,18,630.0,2026-07-15,17,527,0,570.7936507936508,123
613,2025-02-17,North America,Organic Search,Standard,35.0,Active,2025-02-17,,18,630.0,2026-07-12,20,530,0,570.7936507936508,124
964,2025-02-27,North America,Referral,Standard,35.0,Active,2025-02-27,,18,630.0,2026-07-22,10,520,0,570.7936507936508,125
1051,2025-02-11,North America,Organic Search,Standard,35.0,Active,2025-02-11,,18,630.0,2026-07-06,26,536,0,570.7936507936508,126
202,2024-05-07,North America,Paid Ads,Premium,75.0,Cancelled,2024-05-07,2024-12-17,8,600.0,2024-12-03,606,224,1,570.7936507936508,127
1018,2024-02-06,North America,Social Media,Premium,75.0,Cancelled,2024-02-06,2024-09-26,8,600.0,2024-09-03,697,233,1,570.7936507936508,128
214,2025-03-22,North America,Paid Ads,Standard,35.0,Active,2025-03-22,,17,595.0,2026-07-15,17,497,0,570.7936507936508,129
284,2025-03-31,North America,Paid Ads,Standard,35.0,Active,2025-03-31,,17,595.0,2026-07-24,8,488,0,570.7936507936508,130
591,2025-03-20,North America,Social Media,Standard,35.0,Active,2025-03-20,,17,595.0,2026-07-13,19,499,0,570.7936507936508,131
601,2025-03-19,North America,Paid Ads,Standard,35.0,Active,2025-03-19,,17,595.0,2026-07-12,20,500,0,570.7936507936508,132
747,2025-03-28,North America,Referral,Standard,35.0,Active,2025-03-28,,17,595.0,2026-07-21,11,491,0,570.7936507936508,133
103,2025-04-11,North America,Paid Ads,Standard,35.0,Active,2025-04-11,,16,560.0,2026-07-05,27,477,0,570.7936507936508,134
132,2025-05-04,North America,Organic Search,Standard,35.0,Active,2025-05-04,,16,560.0,2026-07-28,4,454,0,570.7936507936508,135
200,2025-04-25,North America,Paid Ads,Standard,35.0,Active,2025-04-25,,16,560.0,2026-07-19,13,463,0,570.7936507936508,136
388,2025-04-27,North America,Referral,Standard,35.0,Active,2025-04-27,,16,560.0,2026-07-21,11,461,0,570.7936507936508,137
739,2025-05-01,North America,Paid Ads,Standard,35.0,Active,2025-05-01,,16,560.0,2026-07-25,7,457,0,570.7936507936508,138
792,2025-04-27,North America,Paid Ads,Standard,35.0,Active,2025-04-27,,16,560.0,2026-07-21,11,461,0,570.7936507936508,139
1063,2025-04-19,North America,Organic Search,Standard,35.0,Active,2025-04-19,,16,560.0,2026-07-13,19,469,0,570.7936507936508,140
896,2025-02-17,North America,Organic Search,Premium,75.0,Cancelled,2025-02-17,2025-08-17,7,525.0,2025-08-16,350,181,1,570.7936507936508,141
195,2024-01-04,North America,Paid Ads,Basic,15.0,Active,2024-01-04,,32,480.0,2026-07-22,10,940,0,570.7936507936508,142
462,2024-01-11,North America,Paid Ads,Basic,15.0,Active,2024-01-11,,32,480.0,2026-07-29,3,933,0,570.7936507936508,143
538,2024-01-05,North America,Social Media,Basic,15.0,Active,2024-01-05,,32,480.0,2026-07-23,9,939,0,570.7936507936508,144
574,2024-01-12,North America,Paid Ads,Basic,15.0,Active,2024-01-12,,32,480.0,2026-07-30,2,932,0,570.7936507936508,145
831,2024-01-11,North America,Organic Search,Basic,15.0,Active,2024-01-11,,32,480.0,2026-07-29,3,933,0,570.7936507936508,146
868,2024-01-03,North America,Paid Ads,Basic,15.0,Active,2024-01-03,,32,480.0,2026-07-21,11,941,0,570.7936507936508,147
134,2024-02-02,North America,Paid Ads,Basic,15.0,Active,2024-02-02,,31,465.0,2026-07-21,11,911,0,570.7936507936508,148
703,2024-01-21,North America,Organic Search,Basic,15.0,Active,2024-01-21,,31,465.0,2026-07-09,23,923,0,570.7936507936508,149
837,2024-02-01,North America,Social Media,Basic,15.0,Active,2024-02-01,,31,465.0,2026-07-20,12,912,0,570.7936507936508,150
863,2024-01-24,North America,Organic Search,Basic,15.0,Active,2024-01-24,,31,465.0,2026-07-12,20,920,0,570.7936507936508,151
362,2024-04-10,North America,Paid Ads,Standard,35.0,Cancelled,2024-04-10,2025-04-06,13,455.0,2025-04-05,483,361,1,570.7936507936508,152
520,2024-02-08,North America,Organic Search,Standard,35.0,Cancelled,2024-02-08,2025-02-05,13,455.0,2025-02-02,545,363,1,570.7936507936508,153
346,2024-03-01,North America,Social Media,Basic,15.0,Active,2024-03-01,,30,450.0,2026-07-19,13,883,0,570.7936507936508,154
449,2024-02-24,North America,Referral,Basic,15.0,Active,2024-02-24,,30,450.0,2026-07-13,19,889,0,570.7936507936508,155
571,2024-02-29,North America,Referral,Basic,15.0,Active,2024-02-29,,30,450.0,2026-07-18,14,884,0,570.7936507936508,156
609,2024-02-15,North America,Paid Ads,Basic,15.0,Active,2024-02-15,,30,450.0,2026-07-04,28,898,0,570.7936507936508,157
825,2024-02-18,North America,Organic Search,Basic,15.0,Active,2024-02-18,,30,450.0,2026-07-07,25,895,0,570.7936507936508,158
953,2024-02-29,North America,Paid Ads,Basic,15.0,Active,2024-02-29,,30,450.0,2026-07-18,14,884,0,570.7936507936508,159
174,2024-04-08,North America,Organic Search,Basic,15.0,Active,2024-04-08,,29,435.0,2026-07-27,5,845,0,570.7936507936508,160
250,2024-03-30,North America,Social Media,Basic,15.0,Active,2024-03-30,,29,435.0,2026-07-18,14,854,0,570.7936507936508,161
281,2024-03-31,North America,Paid Ads,Basic,15.0,Active,2024-03-31,,29,435.0,2026-07-19,13,853,0,570.7936507936508,162
310,2024-04-08,North America,Organic Search,Basic,15.0,Active,2024-04-08,,29,435.0,2026-07-27,5,845,0,570.7936507936508,163
383,2024-04-10,North America,Organic Search,Basic,15.0,Active,2024-04-10,,29,435.0,2026-07-29,3,843,0,570.7936507936508,164
420,2024-04-01,North America,Organic Search,Basic,15.0,Active,2024-04-01,,29,435.0,2026-07-20,12,852,0,570.7936507936508,165
608,2024-03-28,North America,Organic Search,Basic,15.0,Active,2024-03-28,,29,435.0,2026-07-16,16,856,0,570.7936507936508,166
610,2024-03-26,North America,Paid Ads,Basic,15.0,Active,2024-03-26,,29,435.0,2026-07-14,18,858,0,570.7936507936508,167
621,2024-03-24,North America,Social Media,Basic,15.0,Active,2024-03-24,,29,435.0,2026-07-12,20,860,0,570.7936507936508,168
630,2024-03-22,North America,Referral,Basic,15.0,Active,2024-03-22,,29,435.0,2026-07-10,22,862,0,570.7936507936508,169
691,2024-03-29,North America,Paid Ads,Basic,15.0,Active,2024-03-29,,29,435.0,2026-07-17,15,855,0,570.7936507936508,170
785,2024-04-08,North America,Referral,Basic,15.0,Active,2024-04-08,,29,435.0,2026-07-27,5,845,0,570.7936507936508,171
920,2024-03-26,North America,Referral,Basic,15.0,Active,2024-03-26,,29,435.0,2026-07-14,18,858,0,570.7936507936508,172
1038,2024-04-02,North America,Paid Ads,Basic,15.0,Active,2024-04-02,,29,435.0,2026-07-21,11,851,0,570.7936507936508,173
1045,2024-04-08,North America,Paid Ads,Basic,15.0,Active,2024-04-08,,29,435.0,2026-07-27,5,845,0,570.7936507936508,174
151,2024-04-25,North America,Paid Ads,Basic,15.0,Active,2024-04-25,,28,420.0,2026-07-14,18,828,0,570.7936507936508,175
161,2024-05-05,North America,Paid Ads,Basic,15.0,Active,2024-05-05,,28,420.0,2026-07-24,8,818,0,570.7936507936508,176
279,2024-05-11,North America,Referral,Basic,15.0,Active,2024-05-11,,28,420.0,2026-07-30,2,812,0,570.7936507936508,177
297,2024-05-01,North America,Paid Ads,Basic,15.0,Active,2024-05-01,,28,420.0,2026-07-20,12,822,0,570.7936507936508,178
431,2024-05-07,North America,Paid Ads,Basic,15.0,Active,2024-05-07,,28,420.0,2026-07-26,6,816,0,570.7936507936508,179
468,2024-05-07,North America,Paid Ads,Basic,15.0,Active,2024-05-07,,28,420.0,2026-07-26,6,816,0,570.7936507936508,180
663,2024-05-09,North America,Organic Search,Basic,15.0,Active,2024-05-09,,28,420.0,2026-07-28,4,814,0,570.7936507936508,181
822,2024-04-20,North America,Social Media,Basic,15.0,Active,2024-04-20,,28,420.0,2026-07-09,23,833,0,570.7936507936508,182
885,2024-04-27,North America,Paid Ads,Basic,15.0,Active,2024-04-27,,28,420.0,2026-07-16,16,826,0,570.7936507936508,183
988,2024-07-14,North America,Social Media,Standard,35.0,Cancelled,2024-07-14,2025-07-04,12,420.0,2025-06-09,418,355,1,570.7936507936508,184
105,2024-05-29,North America,Referral,Basic,15.0,Active,2024-05-29,,27,405.0,2026-07-18,14,794,0,570.7936507936508,185
511,2024-05-31,North America,Organic Search,Basic,15.0,Active,2024-05-31,,27,405.0,2026-07-20,12,792,0,570.7936507936508,186
727,2024-06-09,North America,Organic Search,Basic,15.0,Active,2024-06-09,,27,405.0,2026-07-29,3,783,0,570.7936507936508,187
757,2024-05-21,North America,Organic Search,Basic,15.0,Active,2024-05-21,,27,405.0,2026-07-10,22,802,0,570.7936507936508,188
911,2024-06-09,North America,Organic Search,Basic,15.0,Active,2024-06-09,,27,405.0,2026-07-29,3,783,0,570.7936507936508,189
925,2024-05-22,North America,Social Media,Basic,15.0,Active,2024-05-22,,27,405.0,2026-07-11,21,801,0,570.7936507936508,190
1085,2024-05-19,North America,Referral,Basic,15.0,Active,2024-05-19,,27,405.0,2026-07-08,24,804,0,570.7936507936508,191
110,2024-07-06,North America,Paid Ads,Basic,15.0,Active,2024-07-06,,26,390.0,2026-07-26,6,756,0,570.7936507936508,192
189,2024-06-24,North America,Paid Ads,Basic,15.0,Active,2024-06-24,,26,390.0,2026-07-14,18,768,0,570.7936507936508,193
351,2024-07-05,North America,Referral,Basic,15.0,Active,2024-07-05,,26,390.0,2026-07-25,7,757,0,570.7936507936508,194
525,2024-06-25,North America,Paid Ads,Basic,15.0,Active,2024-06-25,,26,390.0,2026-07-15,17,767,0,570.7936507936508,195
557,2024-06-16,North America,Organic Search,Basic,15.0,Active,2024-06-16,,26,390.0,2026-07-06,26,776,0,570.7936507936508,196
932,2024-06-26,North America,Paid Ads,Basic,15.0,Active,2024-06-26,,26,390.0,2026-07-16,16,766,0,570.7936507936508,197
995,2024-06-20,North America,Organic Search,Basic,15.0,Active,2024-06-20,,26,390.0,2026-07-10,22,772,0,570.7936507936508,198
190,2025-01-09,North America,Paid Ads,Standard,35.0,Cancelled,2025-01-09,2025-11-14,11,385.0,2025-11-05,269,309,1,570.7936507936508,199
569,2024-11-21,North America,Organic Search,Standard,35.0,Cancelled,2024-11-21,2025-10-16,11,385.0,2025-09-17,318,329,1,570.7936507936508,200
764,2024-02-18,North America,Social Media,Standard,35.0,Cancelled,2024-02-18,2025-01-06,11,385.0,2024-12-14,595,323,1,570.7936507936508,201
439,2024-08-11,North America,Referral,Basic,15.0,Active,2024-08-11,,25,375.0,2026-08-01,0,720,0,570.7936507936508,202
469,2024-07-27,North America,Paid Ads,Basic,15.0,Active,2024-07-27,,25,375.0,2026-07-17,15,735,0,570.7936507936508,203
665,2024-07-16,North America,Organic Search,Basic,15.0,Active,2024-07-16,,25,375.0,2026-07-06,26,746,0,570.7936507936508,204
667,2025-05-04,North America,Paid Ads,Premium,75.0,Cancelled,2025-05-04,2025-09-06,5,375.0,2025-09-01,334,125,1,570.7936507936508,205
677,2024-08-05,North America,Organic Search,Basic,15.0,Active,2024-08-05,,25,375.0,2026-07-26,6,726,0,570.7936507936508,206
683,2024-08-07,North America,Paid Ads,Basic,15.0,Active,2024-08-07,,25,375.0,2026-07-28,4,724,0,570.7936507936508,207
895,2024-07-31,North America,Organic Search,Basic,15.0,Active,2024-07-31,,25,375.0,2026-07-21,11,731,0,570.7936507936508,208
1050,2024-11-08,North America,Paid Ads,Premium,75.0,Cancelled,2024-11-08,2025-03-23,5,375.0,2025-03-08,511,135,1,570.7936507936508,209
145,2024-08-30,North America,Social Media,Basic,15.0,Active,2024-08-30,,24,360.0,2026-07-21,11,701,0,570.7936507936508,210
307,2024-08-26,North America,Paid Ads,Basic,15.0,Active,2024-08-26,,24,360.0,2026-07-17,15,705,0,570.7936507936508,211
363,2024-08-13,North America,Paid Ads,Basic,15.0,Active,2024-08-13,,24,360.0,2026-07-04,28,718,0,570.7936507936508,212
487,2024-09-02,North America,Paid Ads,Basic,15.0,Active,2024-09-02,,24,360.0,2026-07-24,8,698,0,570.7936507936508,213
627,2024-08-30,North America,Social Media,Basic,15.0,Active,2024-08-30,,24,360.0,2026-07-21,11,701,0,570.7936507936508,214
642,2024-09-02,North America,Paid Ads,Basic,15.0,Active,2024-09-02,,24,360.0,2026-07-24,8,698,0,570.7936507936508,215
649,2024-08-18,North America,Paid Ads,Basic,15.0,Active,2024-08-18,,24,360.0,2026-07-09,23,713,0,570.7936507936508,216
951,2024-08-14,North America,Social Media,Basic,15.0,Active,2024-08-14,,24,360.0,2026-07-05,27,717,0,570.7936507936508,217
276,2024-01-29,North America,Social Media,Standard,35.0,Cancelled,2024-01-29,2024-11-08,10,350.0,2024-10-25,645,284,1,570.7936507936508,218
584,2024-03-15,North America,Organic Search,Standard,35.0,Cancelled,2024-03-15,2025-01-06,10,350.0,2024-12-10,599,297,1,570.7936507936508,219
645,2025-04-22,North America,Organic Search,Standard,35.0,Cancelled,2025-04-22,2026-01-17,10,350.0,2026-01-17,196,270,1,570.7936507936508,220
994,2024-11-20,North America,Organic Search,Standard,35.0,Cancelled,2024-11-20,2025-08-25,10,350.0,2025-08-17,349,278,1,570.7936507936508,221
1022,2024-02-15,North America,Paid Ads,Standard,35.0,Cancelled,2024-02-15,2024-11-26,10,350.0,2024-11-11,628,285,1,570.7936507936508,222
1072,2024-12-07,North America,Social Media,Standard,35.0,Cancelled,2024-12-07,2025-09-14,10,350.0,2025-09-03,332,281,1,570.7936507936508,223
126,2024-10-06,North America,Organic Search,Basic,15.0,Active,2024-10-06,,23,345.0,2026-07-28,4,664,0,570.7936507936508,224
204,2024-10-06,North America,Referral,Basic,15.0,Active,2024-10-06,,23,345.0,2026-07-28,4,664,0,570.7936507936508,225
484,2024-09-23,North America,Paid Ads,Basic,15.0,Active,2024-09-23,,23,345.0,2026-07-15,17,677,0,570.7936507936508,226
506,2024-09-26,North America,Referral,Basic,15.0,Active,2024-09-26,,23,345.0,2026-07-18,14,674,0,570.7936507936508,227
552,2024-10-10,North America,Social Media,Basic,15.0,Active,2024-10-10,,23,345.0,2026-08-01,0,660,0,570.7936507936508,228
962,2024-09-27,North America,Organic Search,Basic,15.0,Active,2024-09-27,,23,345.0,2026-07-19,13,673,0,570.7936507936508,229
1040,2024-09-24,North America,Paid Ads,Basic,15.0,Active,2024-09-24,,23,345.0,2026-07-16,16,676,0,570.7936507936508,230
128,2024-10-27,North America,Social Media,Basic,15.0,Active,2024-10-27,,22,330.0,2026-07-19,13,643,0,570.7936507936508,231
239,2024-10-16,North America,Organic Search,Basic,15.0,Active,2024-10-16,,22,330.0,2026-07-08,24,654,0,570.7936507936508,232
473,2024-10-19,North America,Social Media,Basic,15.0,Active,2024-10-19,,22,330.0,2026-07-11,21,651,0,570.7936507936508,233
527,2024-10-19,North America,Organic Search,Basic,15.0,Active,2024-10-19,,22,330.0,2026-07-11,21,651,0,570.7936507936508,234
641,2024-10-21,North America,Paid Ads,Basic,15.0,Active,2024-10-21,,22,330.0,2026-07-13,19,649,0,570.7936507936508,235
653,2024-10-27,North America,Organic Search,Basic,15.0,Active,2024-10-27,,22,330.0,2026-07-19,13,643,0,570.7936507936508,236
700,2024-10-19,North America,Paid Ads,Basic,15.0,Active,2024-10-19,,22,330.0,2026-07-11,21,651,0,570.7936507936508,237
771,2024-11-05,North America,Paid Ads,Basic,15.0,Active,2024-11-05,,22,330.0,2026-07-28,4,634,0,570.7936507936508,238
777,2024-10-14,North America,Paid Ads,Basic,15.0,Active,2024-10-14,,22,330.0,2026-07-06,26,656,0,570.7936507936508,239
879,2024-10-27,North America,Paid Ads,Basic,15.0,Active,2024-10-27,,22,330.0,2026-07-19,13,643,0,570.7936507936508,240
968,2024-10-20,North America,Organic Search,Basic,15.0,Active,2024-10-20,,22,330.0,2026-07-12,20,650,0,570.7936507936508,241
969,2024-11-08,North America,Referral,Basic,15.0,Active,2024-11-08,,22,330.0,2026-07-31,1,631,0,570.7936507936508,242
129,2024-12-09,North America,Organic Search,Basic,15.0,Active,2024-12-09,,21,315.0,2026-08-01,0,600,0,570.7936507936508,243
211,2024-11-16,North America,Paid Ads,Basic,15.0,Active,2024-11-16,,21,315.0,2026-07-09,23,623,0,570.7936507936508,244
247,2024-11-25,North America,Organic Search,Basic,15.0,Active,2024-11-25,,21,315.0,2026-07-18,14,614,0,570.7936507936508,245
451,2024-11-18,North America,Referral,Basic,15.0,Active,2024-11-18,,21,315.0,2026-07-11,21,621,0,570.7936507936508,246
651,2024-01-28,North America,Referral,Standard,35.0,Cancelled,2024-01-28,2024-10-21,9,315.0,2024-09-24,676,267,1,570.7936507936508,247
760,2024-11-18,North America,Paid Ads,Basic,15.0,Active,2024-11-18,,21,315.0,2026-07-11,21,621,0,570.7936507936508,248
799,2024-12-03,North America,Organic Search,Basic,15.0,Active,2024-12-03,,21,315.0,2026-07-26,6,606,0,570.7936507936508,249
898,2024-12-01,North America,Paid Ads,Basic,15.0,Active,2024-12-01,,21,315.0,2026-07-24,8,608,0,570.7936507936508,250
1053,2024-11-16,North America,Organic Search,Basic,15.0,Active,2024-11-16,,21,315.0,2026-07-09,23,623,0,570.7936507936508,251
1064,2024-11-10,North America,Paid Ads,Basic,15.0,Active,2024-11-10,,21,315.0,2026-07-03,29,629,0,570.7936507936508,252
139,2024-12-24,North America,Referral,Basic,15.0,Active,2024-12-24,,20,300.0,2026-07-17,15,585,0,570.7936507936508,253
171,2025-02-27,North America,Social Media,Premium,75.0,Cancelled,2025-02-27,2025-06-13,4,300.0,2025-05-28,430,106,1,570.7936507936508,254
232,2024-06-02,North America,Referral,Premium,75.0,Cancelled,2024-06-02,2024-09-14,4,300.0,2024-08-31,700,104,1,570.7936507936508,255
354,2025-01-05,North America,Organic Search,Basic,15.0,Active,2025-01-05,,20,300.0,2026-07-29,3,573,0,570.7936507936508,256
563,2024-12-28,North America,Social Media,Basic,15.0,Active,2024-12-28,,20,300.0,2026-07-21,11,581,0,570.7936507936508,257
658,2025-01-08,North America,Organic Search,Basic,15.0,Active,2025-01-08,,20,300.0,2026-08-01,0,570,0,570.7936507936508,258
821,2024-12-17,North America,Paid Ads,Basic,15.0,Active,2024-12-17,,20,300.0,2026-07-10,22,592,0,570.7936507936508,259
943,2024-12-31,North America,Social Media,Basic,15.0,Active,2024-12-31,,20,300.0,2026-07-24,8,578,0,570.7936507936508,260
1047,2024-12-19,North America,Paid Ads,Basic,15.0,Active,2024-12-19,,20,300.0,2026-07-12,20,590,0,570.7936507936508,261
184,2025-01-18,North America,Paid Ads,Basic,15.0,Active,2025-01-18,,19,285.0,2026-07-12,20,560,0,570.7936507936508,262
206,2025-01-20,North America,Social Media,Basic,15.0,Active,2025-01-20,,19,285.0,2026-07-14,18,558,0,570.7936507936508,263
252,2025-01-25,North America,Referral,Basic,15.0,Active,2025-01-25,,19,285.0,2026-07-19,13,553,0,570.7936507936508,264
456,2025-02-03,North America,Referral,Basic,15.0,Active,2025-02-03,,19,285.0,2026-07-28,4,544,0,570.7936507936508,265
773,2025-01-15,North America,Social Media,Basic,15.0,Active,2025-01-15,,19,285.0,2026-07-09,23,563,0,570.7936507936508,266
812,2025-02-04,North America,Paid Ads,Basic,15.0,Active,2025-02-04,,19,285.0,2026-07-29,3,543,0,570.7936507936508,267
832,2025-02-05,North America,Paid Ads,Basic,15.0,Active,2025-02-05,,19,285.0,2026-07-30,2,542,0,570.7936507936508,268
860,2025-02-03,North America,Paid Ads,Basic,15.0,Active,2025-02-03,,19,285.0,2026-07-28,4,544,0,570.7936507936508,269
1008,2025-02-04,North America,Paid Ads,Basic,15.0,Active,2025-02-04,,19,285.0,2026-07-29,3,543,0,570.7936507936508,270
1073,2025-01-21,North America,Organic Search,Basic,15.0,Active,2025-01-21,,19,285.0,2026-07-15,17,557,0,570.7936507936508,271
477,2024-12-07,North America,Social Media,Standard,35.0,Cancelled,2024-12-07,2025-07-28,8,280.0,2025-07-05,392,233,1,570.7936507936508,272
567,2024-01-17,North America,Paid Ads,Standard,35.0,Cancelled,2024-01-17,2024-09-01,8,280.0,2024-08-14,717,228,1,570.7936507936508,273
389,2025-02-09,North America,Referral,Basic,15.0,Active,2025-02-09,,18,270.0,2026-07-04,28,538,0,570.7936507936508,274
428,2025-02-28,North America,Paid Ads,Basic,15.0,Active,2025-02-28,,18,270.0,2026-07-23,9,519,0,570.7936507936508,275
614,2025-02-09,North America,Social Media,Basic,15.0,Active,2025-02-09,,18,270.0,2026-07-04,28,538,0,570.7936507936508,276
659,2025-02-24,North America,Paid Ads,Basic,15.0,Active,2025-02-24,,18,270.0,2026-07-19,13,523,0,570.7936507936508,277
728,2025-03-07,North America,Organic Search,Basic,15.0,Active,2025-03-07,,18,270.0,2026-07-30,2,512,0,570.7936507936508,278
816,2025-02-11,North America,Organic Search,Basic,15.0,Active,2025-02-11,,18,270.0,2026-07-06,26,536,0,570.7936507936508,279
934,2025-02-11,North America,Referral,Basic,15.0,Active,2025-02-11,,18,270.0,2026-07-06,26,536,0,570.7936507936508,280
1007,2025-02-25,North America,Organic Search,Basic,15.0,Active,2025-02-25,,18,270.0,2026-07-20,12,522,0,570.7936507936508,281
194,2025-03-28,North America,Paid Ads,Basic,15.0,Active,2025-03-28,,17,255.0,2026-07-21,11,491,0,570.7936507936508,282
296,2025-04-04,North America,Paid Ads,Basic,15.0,Active,2025-04-04,,17,255.0,2026-07-28,4,484,0,570.7936507936508,283
416,2025-03-21,North America,Organic Search,Basic,15.0,Active,2025-03-21,,17,255.0,2026-07-14,18,498,0,570.7936507936508,284
491,2025-03-25,North America,Organic Search,Basic,15.0,Active,2025-03-25,,17,255.0,2026-07-18,14,494,0,570.7936507936508,285
495,2025-03-10,North America,Paid Ads,Basic,15.0,Active,2025-03-10,,17,255.0,2026-07-03,29,509,0,570.7936507936508,286
517,2025-03-25,North America,Social Media,Basic,15.0,Active,2025-03-25,,17,255.0,2026-07-18,14,494,0,570.7936507936508,287
585,2025-04-06,North America,Organic Search,Basic,15.0,Active,2025-04-06,,17,255.0,2026-07-30,2,482,0,570.7936507936508,288
712,2025-04-03,North America,Social Media,Basic,15.0,Active,2025-04-03,,17,255.0,2026-07-27,5,485,0,570.7936507936508,289
916,2025-03-29,North America,Social Media,Basic,15.0,Active,2025-03-29,,17,255.0,2026-07-22,10,490,0,570.7936507936508,290
966,2025-03-31,North America,Organic Search,Basic,15.0,Active,2025-03-31,,17,255.0,2026-07-24,8,488,0,570.7936507936508,291
996,2025-03-20,North America,Social Media,Basic,15.0,Active,2025-03-20,,17,255.0,2026-07-13,19,499,0,570.7936507936508,292
1026,2025-03-28,North America,Paid Ads,Basic,15.0,Active,2025-03-28,,17,255.0,2026-07-21,11,491,0,570.7936507936508,293
839,2025-01-31,North America,Social Media,Standard,35.0,Cancelled,2025-01-31,2025-08-24,7,245.0,2025-07-30,367,205,1,570.7936507936508,294
938,2024-09-24,North America,Paid Ads,Standard,35.0,Cancelled,2024-09-24,2025-03-25,7,245.0,2025-03-23,496,182,1,570.7936507936508,295
208,2025-04-21,North America,Paid Ads,Basic,15.0,Active,2025-04-21,,16,240.0,2026-07-15,17,467,0,570.7936507936508,296
257,2025-04-10,North America,Paid Ads,Basic,15.0,Active,2025-04-10,,16,240.0,2026-07-04,28,478,0,570.7936507936508,297
355,2025-04-29,North America,Paid Ads,Basic,15.0,Active,2025-04-29,,16,240.0,2026-07-23,9,459,0,570.7936507936508,298
463,2025-04-15,North America,Social Media,Basic,15.0,Active,2025-04-15,,16,240.0,2026-07-09,23,473,0,570.7936507936508,299
515,2025-04-14,North America,Paid Ads,Basic,15.0,Active,2025-04-14,,16,240.0,2026-07-08,24,474,0,570.7936507936508,300
549,2025-04-16,North America,Organic Search,Basic,15.0,Active,2025-04-16,,16,240.0,2026-07-10,22,472,0,570.7936507936508,301
565,2025-04-21,North America,Organic Search,Basic,15.0,Active,2025-04-21,,16,240.0,2026-07-15,17,467,0,570.7936507936508,302
781,2025-04-11,North America,Paid Ads,Basic,15.0,Active,2025-04-11,,16,240.0,2026-07-05,27,477,0,570.7936507936508,303
800,2025-04-09,North America,Paid Ads,Basic,15.0,Active,2025-04-09,,16,240.0,2026-07-03,29,479,0,570.7936507936508,304
813,2025-04-11,North America,Social Media,Basic,15.0,Active,2025-04-11,,16,240.0,2026-07-05,27,477,0,570.7936507936508,305
987,2025-05-03,North America,Referral,Basic,15.0,Active,2025-05-03,,16,240.0,2026-07-27,5,455,0,570.7936507936508,306
235,2025-05-14,North America,Organic Search,Basic,15.0,Active,2025-05-14,,15,225.0,2026-07-08,24,444,0,570.7936507936508,307
983,2025-05-14,North America,Referral,Basic,15.0,Active,2025-05-14,,15,225.0,2026-07-08,24,444,0,570.7936507936508,308
536,2024-04-16,North America,Organic Search,Standard,35.0,Cancelled,2024-04-16,2024-10-12,6,210.0,2024-09-13,687,179,1,570.7936507936508,309
865,2025-02-08,North America,Organic Search,Standard,35.0,Cancelled,2025-02-08,2025-07-08,6,210.0,2025-07-08,389,150,1,570.7936507936508,310
1016,2025-03-08,North America,Paid Ads,Standard,35.0,Cancelled,2025-03-08,2025-08-27,6,210.0,2025-08-05,361,172,1,570.7936507936508,311
124,2024-09-08,North America,Paid Ads,Basic,15.0,Cancelled,2024-09-08,2025-08-27,12,180.0,2025-08-04,362,353,1,570.7936507936508,312
216,2024-02-27,North America,Organic Search,Basic,15.0,Cancelled,2024-02-27,2025-01-27,12,180.0,2025-01-22,556,335,1,570.7936507936508,313
452,2024-11-23,North America,Referral,Basic,15.0,Cancelled,2024-11-23,2025-11-04,12,180.0,2025-10-19,286,346,1,570.7936507936508,314
168,2024-05-27,North America,Organic Search,Standard,35.0,Cancelled,2024-05-27,2024-10-15,5,175.0,2024-09-24,676,141,1,570.7936507936508,315
225,2024-08-16,North America,Organic Search,Standard,35.0,Cancelled,2024-08-16,2024-12-15,5,175.0,2024-12-14,595,121,1,570.7936507936508,316
246,2024-09-24,North America,Social Media,Standard,35.0,Cancelled,2024-09-24,2025-02-16,5,175.0,2025-01-22,556,145,1,570.7936507936508,317
435,2024-06-02,North America,Referral,Standard,35.0,Cancelled,2024-06-02,2024-10-24,5,175.0,2024-09-30,670,144,1,570.7936507936508,318
1093,2024-09-05,North America,Referral,Standard,35.0,Cancelled,2024-09-05,2025-01-26,5,175.0,2025-01-03,575,143,1,570.7936507936508,319
191,2024-08-17,North America,Social Media,Basic,15.0,Cancelled,2024-08-17,2025-06-28,11,165.0,2025-06-13,414,315,1,570.7936507936508,320
314,2025-04-02,North America,Organic Search,Basic,15.0,Cancelled,2025-04-02,2026-02-17,11,165.0,2026-01-27,186,321,1,570.7936507936508,321
315,2025-04-01,North America,Social Media,Basic,15.0,Cancelled,2025-04-01,2026-01-28,11,165.0,2026-01-26,187,302,1,570.7936507936508,322
385,2024-04-03,North America,Social Media,Basic,15.0,Cancelled,2024-04-03,2025-02-24,11,165.0,2025-01-28,550,327,1,570.7936507936508,323
528,2025-05-08,North America,Organic Search,Basic,15.0,Cancelled,2025-05-08,2026-03-15,11,165.0,2026-03-04,150,311,1,570.7936507936508,324
662,2024-09-07,North America,Organic Search,Basic,15.0,Cancelled,2024-09-07,2025-07-08,11,165.0,2025-07-04,393,304,1,570.7936507936508,325
763,2024-04-10,North America,Paid Ads,Basic,15.0,Cancelled,2024-04-10,2025-03-04,11,165.0,2025-02-04,543,328,1,570.7936507936508,326
1019,2024-10-03,North America,Paid Ads,Basic,15.0,Cancelled,2024-10-03,2025-08-22,11,165.0,2025-07-30,367,323,1,570.7936507936508,327
205,2024-05-30,North America,Paid Ads,Premium,75.0,Cancelled,2024-05-30,2024-07-10,2,150.0,2024-06-29,763,41,1,570.7936507936508,328
248,2024-01-12,North America,Organic Search,Basic,15.0,Cancelled,2024-01-12,2024-10-08,10,150.0,2024-10-08,662,270,1,570.7936507936508,329
441,2024-06-06,North America,Organic Search,Premium,75.0,Cancelled,2024-06-06,2024-07-30,2,150.0,2024-07-06,756,54,1,570.7936507936508,330
607,2025-02-28,North America,Paid Ads,Premium,75.0,Cancelled,2025-02-28,2025-04-04,2,150.0,2025-03-30,489,35,1,570.7936507936508,331
632,2024-05-10,North America,Paid Ads,Basic,15.0,Cancelled,2024-05-10,2025-02-17,10,150.0,2025-02-04,543,283,1,570.7936507936508,332
743,2024-02-27,North America,Referral,Premium,75.0,Cancelled,2024-02-27,2024-04-17,2,150.0,2024-03-28,856,50,1,570.7936507936508,333
875,2025-03-07,North America,Organic Search,Basic,15.0,Cancelled,2025-03-07,2025-12-03,10,150.0,2025-12-02,242,271,1,570.7936507936508,334
1030,2025-02-23,North America,Organic Search,Basic,15.0,Cancelled,2025-02-23,2025-11-25,10,150.0,2025-11-20,254,275,1,570.7936507936508,335
407,2025-01-31,North America,Social Media,Standard,35.0,Cancelled,2025-01-31,2025-05-07,4,140.0,2025-05-01,457,96,1,570.7936507936508,336
689,2025-05-03,North America,Social Media,Standard,35.0,Cancelled,2025-05-03,2025-08-29,4,140.0,2025-08-01,365,118,1,570.7936507936508,337
109,2024-02-28,North America,Organic Search,Basic,15.0,Cancelled,2024-02-28,2024-10-25,9,135.0,2024-10-25,645,240,1,570.7936507936508,338
690,2024-05-08,North America,Paid Ads,Basic,15.0,Cancelled,2024-05-08,2025-01-15,9,135.0,2025-01-03,575,252,1,570.7936507936508,339
1055,2025-02-22,North America,Organic Search,Basic,15.0,Cancelled,2025-02-22,2025-11-11,9,135.0,2025-10-20,285,262,1,570.7936507936508,340
327,2025-04-26,North America,Paid Ads,Basic,15.0,Cancelled,2025-04-26,2025-11-27,8,120.0,2025-11-22,252,215,1,570.7936507936508,341
368,2024-05-16,North America,Paid Ads,Basic,15.0,Cancelled,2024-05-16,2025-01-09,8,120.0,2024-12-12,597,238,1,570.7936507936508,342
786,2025-05-08,North America,Referral,Basic,15.0,Cancelled,2025-05-08,2025-12-25,8,120.0,2025-12-04,240,231,1,570.7936507936508,343
950,2025-02-21,North America,Paid Ads,Basic,15.0,Cancelled,2025-02-21,2025-10-13,8,120.0,2025-09-19,316,234,1,570.7936507936508,344
978,2024-08-02,North America,Referral,Basic,15.0,Cancelled,2024-08-02,2025-03-21,8,120.0,2025-02-28,519,231,1,570.7936507936508,345
1032,2024-11-27,North America,Paid Ads,Basic,15.0,Cancelled,2024-11-27,2025-07-17,8,120.0,2025-06-25,402,232,1,570.7936507936508,346
325,2024-08-13,North America,Paid Ads,Basic,15.0,Cancelled,2024-08-13,2025-03-07,7,105.0,2025-02-09,538,206,1,570.7936507936508,347
547,2024-11-27,North America,Paid Ads,Basic,15.0,Cancelled,2024-11-27,2025-06-06,7,105.0,2025-05-26,432,191,1,570.7936507936508,348
581,2024-01-26,North America,Paid Ads,Basic,15.0,Cancelled,2024-01-26,2024-08-17,7,105.0,2024-07-24,738,204,1,570.7936507936508,349
923,2024-02-01,North America,Organic Search,Basic,15.0,Cancelled,2024-02-01,2024-08-25,7,105.0,2024-07-30,732,206,1,570.7936507936508,350
933,2024-09-23,North America,Paid Ads,Basic,15.0,Cancelled,2024-09-23,2025-04-08,7,105.0,2025-03-22,497,197,1,570.7936507936508,351
948,2024-09-03,North America,Referral,Basic,15.0,Cancelled,2024-09-03,2025-03-20,7,105.0,2025-03-02,517,198,1,570.7936507936508,352
186,2024-06-09,North America,Paid Ads,Basic,15.0,Cancelled,2024-06-09,2024-11-28,6,90.0,2024-11-06,633,172,1,570.7936507936508,353
625,2024-01-14,North America,Organic Search,Basic,15.0,Cancelled,2024-01-14,2024-06-17,6,90.0,2024-06-12,780,155,1,570.7936507936508,354
759,2025-04-19,North America,Paid Ads,Basic,15.0,Cancelled,2025-04-19,2025-09-22,6,90.0,2025-09-16,319,156,1,570.7936507936508,355
1075,2025-01-17,North America,Social Media,Basic,15.0,Cancelled,2025-01-17,2025-06-19,6,90.0,2025-06-16,411,153,1,570.7936507936508,356
335,2024-12-01,North America,Organic Search,Basic,15.0,Cancelled,2024-12-01,2025-04-14,5,75.0,2025-03-31,488,134,1,570.7936507936508,357
726,2024-06-23,North America,Social Media,Basic,15.0,Cancelled,2024-06-23,2024-10-28,5,75.0,2024-10-21,649,127,1,570.7936507936508,358
793,2024-01-14,North America,Paid Ads,Basic,15.0,Cancelled,2024-01-14,2024-05-19,5,75.0,2024-05-13,810,126,1,570.7936507936508,359
1013,2024-07-07,North America,Organic Search,Basic,15.0,Cancelled,2024-07-07,2024-11-18,5,75.0,2024-11-04,635,134,1,570.7936507936508,360
1077,2025-03-22,North America,Paid Ads,Basic,15.0,Cancelled,2025-03-22,2025-08-10,5,75.0,2025-07-20,377,141,1,570.7936507936508,361
233,2024-07-03,North America,Organic Search,Standard,35.0,Cancelled,2024-07-03,2024-08-20,2,70.0,2024-08-02,729,48,1,570.7936507936508,362
316,2024-07-23,North America,Social Media,Standard,35.0,Cancelled,2024-07-23,2024-08-23,2,70.0,2024-08-22,709,31,1,570.7936507936508,363
336,2024-01-08,North America,Referral,Standard,35.0,Cancelled,2024-01-08,2024-02-26,2,70.0,2024-02-07,906,49,1,570.7936507936508,364
490,2024-12-30,North America,Paid Ads,Standard,35.0,Cancelled,2024-12-30,2025-02-02,2,70.0,2025-01-29,549,34,1,570.7936507936508,365
805,2025-02-25,North America,Social Media,Standard,35.0,Cancelled,2025-02-25,2025-04-15,2,70.0,2025-03-27,492,49,1,570.7936507936508,366
917,2024-11-25,North America,Social Media,Standard,35.0,Cancelled,2024-11-25,2025-01-16,2,70.0,2024-12-25,584,52,1,570.7936507936508,367
1086,2025-05-01,North America,Referral,Standard,35.0,Cancelled,2025-05-01,2025-06-27,2,70.0,2025-05-31,427,57,1,570.7936507936508,368
244,2025-01-30,North America,Paid Ads,Basic,15.0,Cancelled,2025-01-30,2025-05-26,4,60.0,2025-04-30,458,116,1,570.7936507936508,369
704,2024-10-29,North America,Social Media,Basic,15.0,Cancelled,2024-10-29,2025-02-05,4,60.0,2025-01-27,551,99,1,570.7936507936508,370
883,2025-05-14,North America,Paid Ads,Basic,15.0,Cancelled,2025-05-14,2025-08-12,4,60.0,2025-08-12,354,90,1,570.7936507936508,371
234,2024-02-16,North America,Social Media,Basic,15.0,Cancelled,2024-02-16,2024-04-20,3,45.0,2024-04-16,837,64,1,570.7936507936508,372
357,2024-10-26,North America,Paid Ads,Basic,15.0,Cancelled,2024-10-26,2025-01-16,3,45.0,2024-12-25,584,82,1,570.7936507936508,373
633,2025-03-20,North America,Organic Search,Basic,15.0,Cancelled,2025-03-20,2025-06-17,3,45.0,2025-05-19,439,89,1,570.7936507936508,374
149,2024-12-13,North America,Social Media,Basic,15.0,Cancelled,2024-12-13,2025-02-10,2,30.0,2025-01-12,566,59,1,570.7936507936508,375
160,2025-04-29,North America,Paid Ads,Basic,15.0,Cancelled,2025-04-29,2025-06-26,2,30.0,2025-05-29,429,58,1,570.7936507936508,376
518,2025-02-17,North America,Organic Search,Basic,15.0,Cancelled,2025-02-17,2025-03-26,2,30.0,2025-03-19,500,37,1,570.7936507936508,377
1092,2025-02-10,North America,Paid Ads,Basic,15.0,Cancelled,2025-02-10,2025-03-27,2,30.0,2025-03-12,507,45,1,570.7936507936508,378
