customer_id,signup_date,region,acquisition_channel,plan_type,monthly_price,subscription_status,sub_start_date,sub_end_date,frequency,total_revenue,last_transaction_date,recency_days,tenure_days,is_churned,avg_region_revenue,region_spend_rank,r_score,f_score,m_score,rfm_score,cluster_id,customer_segment,churn_probability,risk_category
542,2024-01-03,Asia-Pacific,Organic Search,Premium,75.0,Active,2024-01-03,,32,2400.0,2026-07-21,11,941,0,558.3484162895927,1,4,5,5,14,2,VIP,0.0,Low
941,2024-01-08,Asia-Pacific,Referral,Premium,75.0,Active,2024-01-08,,32,2400.0,2026-07-26,6,936,0,558.3484162895927,2,5,5,5,15,2,VIP,0.0,Low
514,2024-01-15,Asia-Pacific,Paid Ads,Premium,75.0,Active,2024-01-15,,31,2325.0,2026-07-03,29,929,0,558.3484162895927,3,2,5,5,12,2,VIP,0.0,Low
268,2024-02-22,Asia-Pacific,Referral,Premium,75.0,Active,2024-02-22,,30,2250.0,2026-07-11,21,891,0,558.3484162895927,4,3,5,5,13,2,VIP,0.0,Low
180,2024-04-29,Asia-Pacific,Social Media,Premium,75.0,Active,2024-04-29,,28,2100.0,2026-07-18,14,824,0,558.3484162895927,5,4,5,5,14,2,VIP,0.0,Low
485,2024-04-22,Asia-Pacific,Paid Ads,Premium,75.0,Active,2024-04-22,,28,2100.0,2026-07-11,21,831,0,558.3484162895927,6,3,5,5,13,2,VIP,0.0,Low
131,2024-06-11,Asia-Pacific,Paid Ads,Premium,75.0,Active,2024-06-11,,27,2025.0,2026-07-31,1,781,0,558.3484162895927,7,5,4,5,14,2,VIP,0.0,Low
526,2024-06-06,Asia-Pacific,Referral,Premium,75.0,Active,2024-06-06,,27,2025.0,2026-07-26,6,786,0,558.3484162895927,8,5,4,5,14,2,VIP,0.0,Low
686,2024-06-07,Asia-Pacific,Social Media,Premium,75.0,Active,2024-06-07,,27,2025.0,2026-07-27,5,785,0,558.3484162895927,9,5,4,5,14,2,VIP,0.0,Low
736,2024-06-15,Asia-Pacific,Organic Search,Premium,75.0,Active,2024-06-15,,26,1950.0,2026-07-05,27,777,0,558.3484162895927,10,2,4,5,11,2,VIP,0.0,Low
427,2024-07-20,Asia-Pacific,Organic Search,Premium,75.0,Active,2024-07-20,,25,1875.0,2026-07-10,22,742,0,558.3484162895927,11,3,4,5,12,2,VIP,0.0,Low
289,2024-10-29,Asia-Pacific,Paid Ads,Premium,75.0,Active,2024-10-29,,22,1650.0,2026-07-21,11,641,0,558.3484162895927,12,4,3,5,12,2,VIP,0.0,Low
530,2024-10-19,Asia-Pacific,Organic Search,Premium,75.0,Active,2024-10-19,,22,1650.0,2026-07-11,21,651,0,558.3484162895927,13,3,3,5,11,2,VIP,0.0,Low
900,2024-10-27,Asia-Pacific,Organic Search,Premium,75.0,Active,2024-10-27,,22,1650.0,2026-07-19,13,643,0,558.3484162895927,14,4,3,5,12,2,VIP,0.0,Low
634,2024-12-18,Asia-Pacific,Organic Search,Premium,75.0,Active,2024-12-18,,20,1500.0,2026-07-11,21,591,0,558.3484162895927,15,3,3,5,11,2,VIP,0.0,Low
1084,2024-12-19,Asia-Pacific,Paid Ads,Premium,75.0,Active,2024-12-19,,20,1500.0,2026-07-12,20,590,0,558.3484162895927,16,3,3,5,11,2,VIP,0.0,Low
262,2025-01-31,Asia-Pacific,Paid Ads,Premium,75.0,Active,2025-01-31,,19,1425.0,2026-07-25,7,547,0,558.3484162895927,17,5,3,5,13,2,VIP,0.0,Low
965,2025-03-29,Asia-Pacific,Organic Search,Premium,75.0,Active,2025-03-29,,17,1275.0,2026-07-22,10,490,0,558.3484162895927,18,4,2,5,11,2,VIP,0.0,Low
755,2025-04-10,Asia-Pacific,Social Media,Premium,75.0,Active,2025-04-10,,16,1200.0,2026-07-04,28,478,0,558.3484162895927,19,2,2,5,9,2,VIP,0.0,Low
906,2025-05-06,Asia-Pacific,Paid Ads,Premium,75.0,Active,2025-05-06,,16,1200.0,2026-07-30,2,452,0,558.3484162895927,20,5,2,5,12,2,VIP,0.0,Low
277,2025-05-10,Asia-Pacific,Social Media,Premium,75.0,Active,2025-05-10,,15,1125.0,2026-07-04,28,448,0,558.3484162895927,21,2,2,5,9,0,Mid Value,0.0,Low
944,2024-01-12,Asia-Pacific,Paid Ads,Standard,35.0,Active,2024-01-12,,32,1120.0,2026-07-30,2,932,0,558.3484162895927,22,5,5,5,15,3,High Value,0.0,Low
546,2024-01-29,Asia-Pacific,Social Media,Standard,35.0,Active,2024-01-29,,31,1085.0,2026-07-17,15,915,0,558.3484162895927,23,4,5,5,14,3,High Value,0.0,Low
377,2024-02-16,Asia-Pacific,Referral,Standard,35.0,Active,2024-02-16,,30,1050.0,2026-07-05,27,897,0,558.3484162895927,24,2,5,5,12,3,High Value,0.0,Low
453,2024-03-07,Asia-Pacific,Paid Ads,Standard,35.0,Active,2024-03-07,,30,1050.0,2026-07-25,7,877,0,558.3484162895927,25,5,5,5,15,3,High Value,0.0,Low
590,2024-02-27,Asia-Pacific,Organic Search,Standard,35.0,Active,2024-02-27,,30,1050.0,2026-07-16,16,886,0,558.3484162895927,26,4,5,5,14,3,High Value,0.0,Low
512,2024-04-07,Asia-Pacific,Paid Ads,Standard,35.0,Active,2024-04-07,,29,1015.0,2026-07-26,6,846,0,558.3484162895927,27,5,5,5,15,3,High Value,0.0,Low
986,2024-03-29,Asia-Pacific,Organic Search,Standard,35.0,Active,2024-03-29,,29,1015.0,2026-07-17,15,855,0,558.3484162895927,28,4,5,5,14,3,High Value,0.0,Low
329,2024-04-15,Asia-Pacific,Social Media,Standard,35.0,Active,2024-04-15,,28,980.0,2026-07-04,28,838,0,558.3484162895927,29,2,5,5,12,3,High Value,0.0,Low
554,2024-04-24,Asia-Pacific,Paid Ads,Standard,35.0,Active,2024-04-24,,28,980.0,2026-07-13,19,829,0,558.3484162895927,30,3,5,5,13,3,High Value,0.0,Low
749,2024-04-30,Asia-Pacific,Organic Search,Standard,35.0,Active,2024-04-30,,28,980.0,2026-07-19,13,823,0,558.3484162895927,31,4,5,5,14,3,High Value,0.0,Low
1078,2024-04-20,Asia-Pacific,Organic Search,Standard,35.0,Active,2024-04-20,,28,980.0,2026-07-09,23,833,0,558.3484162895927,32,3,5,5,13,3,High Value,0.0,Low
133,2024-05-14,Asia-Pacific,Paid Ads,Standard,35.0,Active,2024-05-14,,27,945.0,2026-07-03,29,809,0,558.3484162895927,33,2,4,5,11,3,High Value,0.0,Low
212,2024-05-21,Asia-Pacific,Paid Ads,Standard,35.0,Active,2024-05-21,,27,945.0,2026-07-10,22,802,0,558.3484162895927,34,3,4,5,12,3,High Value,0.0,Low
294,2024-05-23,Asia-Pacific,Social Media,Standard,35.0,Active,2024-05-23,,27,945.0,2026-07-12,20,800,0,558.3484162895927,35,3,4,5,12,3,High Value,0.0,Low
500,2024-05-28,Asia-Pacific,Referral,Standard,35.0,Active,2024-05-28,,27,945.0,2026-07-17,15,795,0,558.3484162895927,36,4,4,5,13,3,High Value,0.0,Low
533,2024-06-01,Asia-Pacific,Organic Search,Standard,35.0,Active,2024-06-01,,27,945.0,2026-07-21,11,791,0,558.3484162895927,37,4,4,5,13,3,High Value,0.0,Low
796,2024-05-28,Asia-Pacific,Organic Search,Standard,35.0,Active,2024-05-28,,27,945.0,2026-07-17,15,795,0,558.3484162895927,38,4,4,5,13,3,High Value,0.0,Low
851,2024-05-23,Asia-Pacific,Referral,Standard,35.0,Active,2024-05-23,,27,945.0,2026-07-12,20,800,0,558.3484162895927,39,3,4,5,12,3,High Value,0.0,Low
309,2024-06-25,Asia-Pacific,Paid Ads,Standard,35.0,Active,2024-06-25,,26,910.0,2026-07-15,17,767,0,558.3484162895927,40,3,4,4,11,3,High Value,0.0,Low
382,2024-06-16,Asia-Pacific,Organic Search,Standard,35.0,Active,2024-06-16,,26,910.0,2026-07-06,26,776,0,558.3484162895927,41,2,4,4,10,3,High Value,0.0,Low
424,2024-06-30,Asia-Pacific,Paid Ads,Standard,35.0,Active,2024-06-30,,26,910.0,2026-07-20,12,762,0,558.3484162895927,42,4,4,4,12,3,High Value,0.0,Low
434,2024-06-25,Asia-Pacific,Organic Search,Standard,35.0,Active,2024-06-25,,26,910.0,2026-07-15,17,767,0,558.3484162895927,43,3,4,5,12,3,High Value,0.0,Low
685,2024-06-24,Asia-Pacific,Organic Search,Standard,35.0,Active,2024-06-24,,26,910.0,2026-07-14,18,768,0,558.3484162895927,44,3,4,5,12,3,High Value,0.0,Low
922,2024-07-10,Asia-Pacific,Paid Ads,Standard,35.0,Active,2024-07-10,,26,910.0,2026-07-30,2,752,0,558.3484162895927,45,5,4,5,14,3,High Value,0.0,Low
1081,2024-06-13,Asia-Pacific,Organic Search,Standard,35.0,Active,2024-06-13,,26,910.0,2026-07-03,29,779,0,558.3484162895927,46,2,4,5,11,3,High Value,0.0,Low
125,2024-07-26,Asia-Pacific,Paid Ads,Standard,35.0,Active,2024-07-26,,25,875.0,2026-07-16,16,736,0,558.3484162895927,47,4,4,4,12,3,High Value,0.0,Low
350,2024-08-03,Asia-Pacific,Organic Search,Standard,35.0,Active,2024-08-03,,25,875.0,2026-07-24,8,728,0,558.3484162895927,48,5,4,4,13,3,High Value,0.0,Low
761,2024-07-14,Asia-Pacific,Organic Search,Standard,35.0,Active,2024-07-14,,25,875.0,2026-07-04,28,748,0,558.3484162895927,49,2,4,4,10,3,High Value,0.0,Low
899,2024-08-04,Asia-Pacific,Organic Search,Standard,35.0,Active,2024-08-04,,25,875.0,2026-07-25,7,727,0,558.3484162895927,50,5,4,4,13,3,High Value,0.0,Low
465,2024-08-13,Asia-Pacific,Organic Search,Standard,35.0,Active,2024-08-13,,24,840.0,2026-07-04,28,718,0,558.3484162895927,51,2,4,4,10,3,High Value,0.0,Low
459,2024-05-30,Asia-Pacific,Organic Search,Premium,75.0,Cancelled,2024-05-30,2025-04-22,11,825.0,2025-03-26,493,327,1,558.3484162895927,52,1,2,4,7,1,Low Value,1.0,High
716,2024-09-19,Asia-Pacific,Paid Ads,Premium,75.0,Cancelled,2024-09-19,2025-08-14,11,825.0,2025-07-16,381,329,1,558.3484162895927,53,2,2,4,8,1,Low Value,1.0,High
147,2024-10-10,Asia-Pacific,Organic Search,Standard,35.0,Active,2024-10-10,,23,805.0,2026-08-01,0,660,0,558.3484162895927,54,5,3,4,12,3,High Value,0.0,Low
280,2024-10-01,Asia-Pacific,Paid Ads,Standard,35.0,Active,2024-10-01,,23,805.0,2026-07-23,9,669,0,558.3484162895927,55,4,3,4,11,3,High Value,0.0,Low
390,2024-09-23,Asia-Pacific,Organic Search,Standard,35.0,Active,2024-09-23,,23,805.0,2026-07-15,17,677,0,558.3484162895927,56,3,3,4,10,3,High Value,0.0,Low
443,2024-09-13,Asia-Pacific,Paid Ads,Standard,35.0,Active,2024-09-13,,23,805.0,2026-07-05,27,687,0,558.3484162895927,57,2,3,4,9,3,High Value,0.0,Low
1079,2024-09-29,Asia-Pacific,Paid Ads,Standard,35.0,Active,2024-09-29,,23,805.0,2026-07-21,11,671,0,558.3484162895927,58,4,3,4,11,3,High Value,0.0,Low
556,2024-10-15,Asia-Pacific,Referral,Standard,35.0,Active,2024-10-15,,22,770.0,2026-07-07,25,655,0,558.3484162895927,59,2,3,4,9,3,High Value,0.0,Low
745,2024-10-17,Asia-Pacific,Paid Ads,Standard,35.0,Active,2024-10-17,,22,770.0,2026-07-09,23,653,0,558.3484162895927,60,3,3,4,10,3,High Value,0.0,Low
352,2024-04-20,Asia-Pacific,Referral,Premium,75.0,Cancelled,2024-04-20,2025-02-05,10,750.0,2025-01-15,563,291,1,558.3484162895927,61,1,2,4,7,1,Low Value,1.0,High
508,2024-08-02,Asia-Pacific,Referral,Premium,75.0,Cancelled,2024-08-02,2025-05-03,10,750.0,2025-04-29,459,274,1,558.3484162895927,62,1,2,4,7,1,Low Value,1.0,High
696,2024-11-25,Asia-Pacific,Paid Ads,Standard,35.0,Active,2024-11-25,,21,735.0,2026-07-18,14,614,0,558.3484162895927,63,4,3,4,11,0,Mid Value,0.0,Low
628,2024-12-21,Asia-Pacific,Social Media,Standard,35.0,Active,2024-12-21,,20,700.0,2026-07-14,18,588,0,558.3484162895927,64,3,3,4,10,0,Mid Value,0.0,Low
644,2024-12-20,Asia-Pacific,Paid Ads,Standard,35.0,Active,2024-12-20,,20,700.0,2026-07-13,19,589,0,558.3484162895927,65,3,3,4,10,0,Mid Value,0.0,Low
753,2024-12-25,Asia-Pacific,Organic Search,Standard,35.0,Active,2024-12-25,,20,700.0,2026-07-18,14,584,0,558.3484162895927,66,4,3,4,11,0,Mid Value,0.0,Low
886,2024-12-30,Asia-Pacific,Organic Search,Standard,35.0,Active,2024-12-30,,20,700.0,2026-07-23,9,579,0,558.3484162895927,67,4,3,4,11,0,Mid Value,0.0,Low
1049,2024-12-25,Asia-Pacific,Organic Search,Standard,35.0,Active,2024-12-25,,20,700.0,2026-07-18,14,584,0,558.3484162895927,68,4,3,4,11,0,Mid Value,0.0,Low
823,2024-08-10,Asia-Pacific,Organic Search,Premium,75.0,Cancelled,2024-08-10,2025-04-24,9,675.0,2025-04-07,481,257,1,558.3484162895927,69,1,1,4,6,1,Low Value,1.0,High
580,2025-02-19,Asia-Pacific,Referral,Standard,35.0,Active,2025-02-19,,18,630.0,2026-07-14,18,528,0,558.3484162895927,70,3,2,4,9,0,Mid Value,0.0,Low
859,2025-02-21,Asia-Pacific,Referral,Standard,35.0,Active,2025-02-21,,18,630.0,2026-07-16,16,526,0,558.3484162895927,71,4,2,4,10,0,Mid Value,0.0,Low
915,2025-02-26,Asia-Pacific,Paid Ads,Standard,35.0,Active,2025-02-26,,18,630.0,2026-07-21,11,521,0,558.3484162895927,72,4,2,4,10,0,Mid Value,0.0,Low
947,2025-02-15,Asia-Pacific,Paid Ads,Standard,35.0,Active,2025-02-15,,18,630.0,2026-07-10,22,532,0,558.3484162895927,73,3,2,4,9,0,Mid Value,0.0,Low
977,2025-02-27,Asia-Pacific,Social Media,Standard,35.0,Active,2025-02-27,,18,630.0,2026-07-22,10,520,0,558.3484162895927,74,4,2,4,10,0,Mid Value,0.0,Low
163,2025-03-14,Asia-Pacific,Organic Search,Standard,35.0,Active,2025-03-14,,17,595.0,2026-07-07,25,505,0,558.3484162895927,75,2,2,4,8,0,Mid Value,0.0,Low
373,2025-03-16,Asia-Pacific,Paid Ads,Standard,35.0,Active,2025-03-16,,17,595.0,2026-07-09,23,503,0,558.3484162895927,76,3,2,4,9,0,Mid Value,0.0,Low
353,2025-05-07,Asia-Pacific,Paid Ads,Standard,35.0,Active,2025-05-07,,16,560.0,2026-07-31,1,451,0,558.3484162895927,77,5,2,4,11,0,Mid Value,0.0,Low
404,2025-04-29,Asia-Pacific,Organic Search,Standard,35.0,Active,2025-04-29,,16,560.0,2026-07-23,9,459,0,558.3484162895927,78,4,2,4,10,0,Mid Value,0.0,Low
513,2025-04-18,Asia-Pacific,Organic Search,Standard,35.0,Active,2025-04-18,,16,560.0,2026-07-12,20,470,0,558.3484162895927,79,3,2,4,9,0,Mid Value,0.0,Low
997,2025-04-26,Asia-Pacific,Paid Ads,Standard,35.0,Active,2025-04-26,,16,560.0,2026-07-20,12,462,0,558.3484162895927,80,4,2,4,10,0,Mid Value,0.0,Low
846,2024-02-13,Asia-Pacific,Paid Ads,Premium,75.0,Cancelled,2024-02-13,2024-09-08,7,525.0,2024-08-11,720,208,1,558.3484162895927,81,1,1,4,6,1,Low Value,1.0,High
347,2024-01-08,Asia-Pacific,Organic Search,Basic,15.0,Active,2024-01-08,,32,480.0,2026-07-26,6,936,0,558.3484162895927,82,5,5,4,14,3,High Value,0.0,Low
395,2024-01-14,Asia-Pacific,Paid Ads,Basic,15.0,Active,2024-01-14,,32,480.0,2026-08-01,0,930,0,558.3484162895927,83,5,5,4,14,3,High Value,0.0,Low
562,2024-01-31,Asia-Pacific,Organic Search,Basic,15.0,Active,2024-01-31,,31,465.0,2026-07-19,13,913,0,558.3484162895927,84,4,5,3,12,3,High Value,0.0,Low
701,2024-02-12,Asia-Pacific,Social Media,Basic,15.0,Active,2024-02-12,,31,465.0,2026-07-31,1,901,0,558.3484162895927,85,5,5,3,13,3,High Value,0.0,Low
946,2024-01-21,Asia-Pacific,Paid Ads,Basic,15.0,Active,2024-01-21,,31,465.0,2026-07-09,23,923,0,558.3484162895927,86,3,5,3,11,3,High Value,0.0,Low
130,2024-03-03,Asia-Pacific,Referral,Basic,15.0,Active,2024-03-03,,30,450.0,2026-07-21,11,881,0,558.3484162895927,87,4,5,3,12,3,High Value,0.0,Low
141,2024-03-03,Asia-Pacific,Paid Ads,Basic,15.0,Active,2024-03-03,,30,450.0,2026-07-21,11,881,0,558.3484162895927,88,4,5,3,12,3,High Value,0.0,Low
312,2024-12-16,Asia-Pacific,Social Media,Premium,75.0,Cancelled,2024-12-16,2025-05-26,6,450.0,2025-05-15,443,161,1,558.3484162895927,89,1,1,3,5,1,Low Value,1.0,High
345,2024-02-25,Asia-Pacific,Social Media,Basic,15.0,Active,2024-02-25,,30,450.0,2026-07-14,18,888,0,558.3484162895927,90,3,5,3,11,3,High Value,0.0,Low
421,2024-02-20,Asia-Pacific,Social Media,Basic,15.0,Active,2024-02-20,,30,450.0,2026-07-09,23,893,0,558.3484162895927,91,3,5,3,11,3,High Value,0.0,Low
735,2024-03-08,Asia-Pacific,Paid Ads,Basic,15.0,Active,2024-03-08,,30,450.0,2026-07-26,6,876,0,558.3484162895927,92,5,5,3,13,3,High Value,0.0,Low
903,2024-03-10,Asia-Pacific,Organic Search,Basic,15.0,Active,2024-03-10,,30,450.0,2026-07-28,4,874,0,558.3484162895927,93,5,5,3,13,3,High Value,0.0,Low
587,2024-04-01,Asia-Pacific,Social Media,Basic,15.0,Active,2024-04-01,,29,435.0,2026-07-20,12,852,0,558.3484162895927,94,4,5,3,12,3,High Value,0.0,Low
815,2024-03-27,Asia-Pacific,Organic Search,Basic,15.0,Active,2024-03-27,,29,435.0,2026-07-15,17,857,0,558.3484162895927,95,3,5,3,11,3,High Value,0.0,Low
406,2024-05-02,Asia-Pacific,Organic Search,Basic,15.0,Active,2024-05-02,,28,420.0,2026-07-21,11,821,0,558.3484162895927,96,4,5,3,12,3,High Value,0.0,Low
478,2024-05-13,Asia-Pacific,Organic Search,Basic,15.0,Active,2024-05-13,,28,420.0,2026-08-01,0,810,0,558.3484162895927,97,5,5,3,13,3,High Value,0.0,Low
564,2024-03-22,Asia-Pacific,Social Media,Standard,35.0,Cancelled,2024-03-22,2025-02-18,12,420.0,2025-02-15,532,333,1,558.3484162895927,98,1,2,3,6,1,Low Value,1.0,High
688,2024-01-19,Asia-Pacific,Referral,Standard,35.0,Cancelled,2024-01-19,2025-01-02,12,420.0,2024-12-14,595,349,1,558.3484162895927,99,1,2,3,6,1,Low Value,1.0,High
733,2024-05-04,Asia-Pacific,Referral,Basic,15.0,Active,2024-05-04,,28,420.0,2026-07-23,9,819,0,558.3484162895927,100,4,5,3,12,3,High Value,0.0,Low
867,2024-04-28,Asia-Pacific,Paid Ads,Basic,15.0,Active,2024-04-28,,28,420.0,2026-07-17,15,825,0,558.3484162895927,101,4,5,3,12,3,High Value,0.0,Low
873,2024-04-18,Asia-Pacific,Social Media,Basic,15.0,Active,2024-04-18,,28,420.0,2026-07-07,25,835,0,558.3484162895927,102,2,5,3,10,3,High Value,0.0,Low
560,2024-06-03,Asia-Pacific,Organic Search,Basic,15.0,Active,2024-06-03,,27,405.0,2026-07-23,9,789,0,558.3484162895927,103,4,4,3,11,3,High Value,0.0,Low
723,2024-05-31,Asia-Pacific,Paid Ads,Basic,15.0,Active,2024-05-31,,27,405.0,2026-07-20,12,792,0,558.3484162895927,104,4,4,3,11,3,High Value,0.0,Low
880,2024-05-27,Asia-Pacific,Organic Search,Basic,15.0,Active,2024-05-27,,27,405.0,2026-07-16,16,796,0,558.3484162895927,105,4,4,3,11,3,High Value,0.0,Low
230,2024-07-07,Asia-Pacific,Paid Ads,Basic,15.0,Active,2024-07-07,,26,390.0,2026-07-27,5,755,0,558.3484162895927,106,5,4,3,12,3,High Value,0.0,Low
274,2024-06-22,Asia-Pacific,Organic Search,Basic,15.0,Active,2024-06-22,,26,390.0,2026-07-12,20,770,0,558.3484162895927,107,3,4,3,10,3,High Value,0.0,Low
847,2024-07-07,Asia-Pacific,Paid Ads,Basic,15.0,Active,2024-07-07,,26,390.0,2026-07-27,5,755,0,558.3484162895927,108,5,4,3,12,3,High Value,0.0,Low
866,2024-07-06,Asia-Pacific,Organic Search,Basic,15.0,Active,2024-07-06,,26,390.0,2026-07-26,6,756,0,558.3484162895927,109,5,4,3,12,3,High Value,0.0,Low
509,2025-01-06,Asia-Pacific,Paid Ads,Standard,35.0,Cancelled,2025-01-06,2025-11-21,11,385.0,2025-11-02,272,319,1,558.3484162895927,110,2,2,3,7,1,Low Value,1.0,High
679,2024-08-19,Asia-Pacific,Organic Search,Standard,35.0,Cancelled,2024-08-19,2025-07-13,11,385.0,2025-06-15,412,328,1,558.3484162895927,111,2,2,3,7,1,Low Value,1.0,High
1004,2025-02-09,Asia-Pacific,Social Media,Standard,35.0,Cancelled,2025-02-09,2025-12-24,11,385.0,2025-12-06,238,318,1,558.3484162895927,112,2,2,3,7,1,Low Value,1.0,High
122,2024-07-20,Asia-Pacific,Paid Ads,Basic,15.0,Active,2024-07-20,,25,375.0,2026-07-10,22,742,0,558.3484162895927,113,3,4,3,10,0,Mid Value,0.0,Low
179,2024-07-26,Asia-Pacific,Social Media,Basic,15.0,Active,2024-07-26,,25,375.0,2026-07-16,16,736,0,558.3484162895927,114,4,4,3,11,0,Mid Value,0.0,Low
254,2024-08-04,Asia-Pacific,Organic Search,Basic,15.0,Active,2024-08-04,,25,375.0,2026-07-25,7,727,0,558.3484162895927,115,5,4,3,12,0,Mid Value,0.0,Low
576,2024-07-28,Asia-Pacific,Social Media,Basic,15.0,Active,2024-07-28,,25,375.0,2026-07-18,14,734,0,558.3484162895927,116,4,4,3,11,0,Mid Value,0.0,Low
724,2024-07-20,Asia-Pacific,Referral,Basic,15.0,Active,2024-07-20,,25,375.0,2026-07-10,22,742,0,558.3484162895927,117,3,4,3,10,0,Mid Value,0.0,Low
853,2024-08-11,Asia-Pacific,Referral,Basic,15.0,Active,2024-08-11,,25,375.0,2026-08-01,0,720,0,558.3484162895927,118,5,4,3,12,0,Mid Value,0.0,Low
980,2024-07-19,Asia-Pacific,Social Media,Basic,15.0,Active,2024-07-19,,25,375.0,2026-07-09,23,743,0,558.3484162895927,119,3,4,3,10,0,Mid Value,0.0,Low
489,2024-08-14,Asia-Pacific,Social Media,Basic,15.0,Active,2024-08-14,,24,360.0,2026-07-05,27,717,0,558.3484162895927,120,2,4,3,9,0,Mid Value,0.0,Low
550,2024-09-07,Asia-Pacific,Paid Ads,Basic,15.0,Active,2024-09-07,,24,360.0,2026-07-29,3,693,0,558.3484162895927,121,5,4,3,12,0,Mid Value,0.0,Low
639,2024-09-06,Asia-Pacific,Paid Ads,Basic,15.0,Active,2024-09-06,,24,360.0,2026-07-28,4,694,0,558.3484162895927,122,5,4,3,12,0,Mid Value,0.0,Low
673,2024-08-21,Asia-Pacific,Organic Search,Basic,15.0,Active,2024-08-21,,24,360.0,2026-07-12,20,710,0,558.3484162895927,123,3,4,3,10,0,Mid Value,0.0,Low
737,2024-08-16,Asia-Pacific,Organic Search,Basic,15.0,Active,2024-08-16,,24,360.0,2026-07-07,25,715,0,558.3484162895927,124,2,4,3,9,0,Mid Value,0.0,Low
499,2024-03-20,Asia-Pacific,Referral,Standard,35.0,Cancelled,2024-03-20,2024-12-17,10,350.0,2024-12-15,594,272,1,558.3484162895927,125,1,2,3,6,1,Low Value,1.0,High
320,2024-09-24,Asia-Pacific,Social Media,Basic,15.0,Active,2024-09-24,,23,345.0,2026-07-16,16,676,0,558.3484162895927,126,4,3,2,9,0,Mid Value,0.0,Low
337,2024-10-07,Asia-Pacific,Paid Ads,Basic,15.0,Active,2024-10-07,,23,345.0,2026-07-29,3,663,0,558.3484162895927,127,5,4,2,11,0,Mid Value,0.0,Low
471,2024-10-04,Asia-Pacific,Social Media,Basic,15.0,Active,2024-10-04,,23,345.0,2026-07-26,6,666,0,558.3484162895927,128,5,4,2,11,0,Mid Value,0.0,Low
1002,2024-10-02,Asia-Pacific,Paid Ads,Basic,15.0,Active,2024-10-02,,23,345.0,2026-07-24,8,668,0,558.3484162895927,129,5,4,2,11,0,Mid Value,0.0,Low
187,2024-10-30,Asia-Pacific,Paid Ads,Basic,15.0,Active,2024-10-30,,22,330.0,2026-07-22,10,640,0,558.3484162895927,130,4,3,2,9,0,Mid Value,0.0,Low
209,2024-11-01,Asia-Pacific,Social Media,Basic,15.0,Active,2024-11-01,,22,330.0,2026-07-24,8,638,0,558.3484162895927,131,5,3,2,10,0,Mid Value,0.0,Low
391,2024-10-12,Asia-Pacific,Organic Search,Basic,15.0,Active,2024-10-12,,22,330.0,2026-07-04,28,658,0,558.3484162895927,132,2,3,2,7,0,Mid Value,0.0,Low
419,2024-10-19,Asia-Pacific,Organic Search,Basic,15.0,Active,2024-10-19,,22,330.0,2026-07-11,21,651,0,558.3484162895927,133,3,3,2,8,0,Mid Value,0.0,Low
558,2024-10-30,Asia-Pacific,Social Media,Basic,15.0,Active,2024-10-30,,22,330.0,2026-07-22,10,640,0,558.3484162895927,134,4,3,2,9,0,Mid Value,0.0,Low
660,2024-10-31,Asia-Pacific,Social Media,Basic,15.0,Active,2024-10-31,,22,330.0,2026-07-23,9,639,0,558.3484162895927,135,4,3,2,9,0,Mid Value,0.0,Low
840,2024-10-28,Asia-Pacific,Referral,Basic,15.0,Active,2024-10-28,,22,330.0,2026-07-20,12,642,0,558.3484162895927,136,4,3,2,9,0,Mid Value,0.0,Low
921,2024-10-20,Asia-Pacific,Paid Ads,Basic,15.0,Active,2024-10-20,,22,330.0,2026-07-12,20,650,0,558.3484162895927,137,3,3,2,8,0,Mid Value,0.0,Low
1025,2024-10-27,Asia-Pacific,Social Media,Basic,15.0,Active,2024-10-27,,22,330.0,2026-07-19,13,643,0,558.3484162895927,138,4,3,2,9,0,Mid Value,0.0,Low
410,2024-11-27,Asia-Pacific,Organic Search,Basic,15.0,Active,2024-11-27,,21,315.0,2026-07-20,12,612,0,558.3484162895927,139,4,3,2,9,0,Mid Value,0.0,Low
417,2024-04-13,Asia-Pacific,Social Media,Standard,35.0,Cancelled,2024-04-13,2024-12-15,9,315.0,2024-12-09,600,246,1,558.3484162895927,140,1,1,2,4,1,Low Value,1.0,High
474,2024-12-06,Asia-Pacific,Paid Ads,Basic,15.0,Active,2024-12-06,,21,315.0,2026-07-29,3,603,0,558.3484162895927,141,5,3,2,10,0,Mid Value,0.0,Low
594,2025-04-17,Asia-Pacific,Referral,Standard,35.0,Cancelled,2025-04-17,2025-12-17,9,315.0,2025-12-13,231,244,1,558.3484162895927,142,2,1,2,5,1,Low Value,1.0,High
993,2025-05-08,Asia-Pacific,Paid Ads,Standard,35.0,Cancelled,2025-05-08,2026-01-06,9,315.0,2026-01-03,210,243,1,558.3484162895927,143,2,1,2,5,1,Low Value,1.0,High
1027,2024-12-08,Asia-Pacific,Social Media,Basic,15.0,Active,2024-12-08,,21,315.0,2026-07-31,1,601,0,558.3484162895927,144,5,3,2,10,0,Mid Value,0.0,Low
1098,2024-12-02,Asia-Pacific,Social Media,Basic,15.0,Active,2024-12-02,,21,315.0,2026-07-25,7,607,0,558.3484162895927,145,5,3,2,10,0,Mid Value,0.0,Low
119,2024-12-25,Asia-Pacific,Paid Ads,Basic,15.0,Active,2024-12-25,,20,300.0,2026-07-18,14,584,0,558.3484162895927,146,4,3,2,9,0,Mid Value,0.0,Low
396,2024-12-18,Asia-Pacific,Paid Ads,Basic,15.0,Active,2024-12-18,,20,300.0,2026-07-11,21,591,0,558.3484162895927,147,3,3,2,8,0,Mid Value,0.0,Low
440,2025-01-13,Asia-Pacific,Paid Ads,Premium,75.0,Cancelled,2025-01-13,2025-05-02,4,300.0,2025-04-13,475,109,1,558.3484162895927,148,1,1,2,4,1,Low Value,1.0,High
635,2024-07-31,Asia-Pacific,Referral,Premium,75.0,Cancelled,2024-07-31,2024-11-22,4,300.0,2024-10-29,641,114,1,558.3484162895927,149,1,1,2,4,1,Low Value,1.0,High
476,2025-01-12,Asia-Pacific,Organic Search,Basic,15.0,Active,2025-01-12,,19,285.0,2026-07-06,26,566,0,558.3484162895927,150,2,3,2,7,0,Mid Value,0.0,Low
579,2025-01-29,Asia-Pacific,Paid Ads,Basic,15.0,Active,2025-01-29,,19,285.0,2026-07-23,9,549,0,558.3484162895927,151,4,3,2,9,0,Mid Value,0.0,Low
598,2025-02-07,Asia-Pacific,Paid Ads,Basic,15.0,Active,2025-02-07,,19,285.0,2026-08-01,0,540,0,558.3484162895927,152,5,3,2,10,0,Mid Value,0.0,Low
924,2025-01-17,Asia-Pacific,Referral,Basic,15.0,Active,2025-01-17,,19,285.0,2026-07-11,21,561,0,558.3484162895927,153,3,3,2,8,0,Mid Value,0.0,Low
535,2025-01-07,Asia-Pacific,Organic Search,Standard,35.0,Cancelled,2025-01-07,2025-08-25,8,280.0,2025-08-05,361,230,1,558.3484162895927,154,2,1,2,5,1,Low Value,1.0,High
661,2024-06-04,Asia-Pacific,Paid Ads,Standard,35.0,Cancelled,2024-06-04,2025-01-08,8,280.0,2024-12-31,578,218,1,558.3484162895927,155,1,1,2,4,1,Low Value,1.0,High
830,2025-02-03,Asia-Pacific,Referral,Standard,35.0,Cancelled,2025-02-03,2025-09-13,8,280.0,2025-09-01,334,222,1,558.3484162895927,156,2,1,2,5,1,Low Value,1.0,High
201,2025-02-19,Asia-Pacific,Paid Ads,Basic,15.0,Active,2025-02-19,,18,270.0,2026-07-14,18,528,0,558.3484162895927,157,3,2,2,7,0,Mid Value,0.0,Low
275,2025-03-09,Asia-Pacific,Organic Search,Basic,15.0,Active,2025-03-09,,18,270.0,2026-08-01,0,510,0,558.3484162895927,158,5,2,2,9,0,Mid Value,0.0,Low
501,2025-04-08,Asia-Pacific,Organic Search,Basic,15.0,Active,2025-04-08,,17,255.0,2026-08-01,0,480,0,558.3484162895927,159,5,2,2,9,0,Mid Value,0.0,Low
578,2025-03-11,Asia-Pacific,Organic Search,Basic,15.0,Active,2025-03-11,,17,255.0,2026-07-04,28,508,0,558.3484162895927,160,2,2,2,6,0,Mid Value,0.0,Low
766,2025-04-06,Asia-Pacific,Referral,Basic,15.0,Active,2025-04-06,,17,255.0,2026-07-30,2,482,0,558.3484162895927,161,5,2,2,9,0,Mid Value,0.0,Low
884,2025-04-05,Asia-Pacific,Paid Ads,Basic,15.0,Active,2025-04-05,,17,255.0,2026-07-29,3,483,0,558.3484162895927,162,5,2,2,9,0,Mid Value,0.0,Low
245,2025-02-20,Asia-Pacific,Social Media,Standard,35.0,Cancelled,2025-02-20,2025-09-02,7,245.0,2025-08-19,347,194,1,558.3484162895927,163,2,1,2,5,1,Low Value,1.0,High
273,2025-05-06,Asia-Pacific,Social Media,Basic,15.0,Active,2025-05-06,,16,240.0,2026-07-30,2,452,0,558.3484162895927,164,5,2,2,9,0,Mid Value,0.0,Low
321,2025-04-22,Asia-Pacific,Paid Ads,Basic,15.0,Active,2025-04-22,,16,240.0,2026-07-16,16,466,0,558.3484162895927,165,4,2,2,8,0,Mid Value,0.0,Low
1046,2025-04-30,Asia-Pacific,Paid Ads,Basic,15.0,Active,2025-04-30,,16,240.0,2026-07-24,8,458,0,558.3484162895927,166,5,2,2,9,0,Mid Value,0.0,Low
319,2025-03-13,Asia-Pacific,Paid Ads,Premium,75.0,Cancelled,2025-03-13,2025-06-08,3,225.0,2025-05-12,446,87,1,558.3484162895927,167,1,1,2,4,1,Low Value,1.0,High
1070,2025-05-10,Asia-Pacific,Social Media,Basic,15.0,Active,2025-05-10,,15,225.0,2026-07-04,28,448,0,558.3484162895927,168,2,2,2,6,0,Mid Value,0.0,Low
483,2024-10-18,Asia-Pacific,Organic Search,Basic,15.0,Cancelled,2024-10-18,2025-10-08,12,180.0,2025-09-13,322,355,1,558.3484162895927,169,2,2,1,5,1,Low Value,1.0,High
606,2024-10-27,Asia-Pacific,Social Media,Basic,15.0,Cancelled,2024-10-27,2025-09-30,12,180.0,2025-09-22,313,338,1,558.3484162895927,170,2,2,1,5,1,Low Value,1.0,High
961,2024-09-29,Asia-Pacific,Paid Ads,Basic,15.0,Cancelled,2024-09-29,2025-09-17,12,180.0,2025-08-25,341,353,1,558.3484162895927,171,2,2,1,5,1,Low Value,1.0,High
783,2024-09-23,Asia-Pacific,Paid Ads,Standard,35.0,Cancelled,2024-09-23,2025-02-09,5,175.0,2025-01-21,557,139,1,558.3484162895927,172,1,1,1,3,1,Low Value,1.0,High
1014,2024-07-08,Asia-Pacific,Social Media,Standard,35.0,Cancelled,2024-07-08,2024-11-10,5,175.0,2024-11-05,634,125,1,558.3484162895927,173,1,1,1,3,1,Low Value,1.0,High
164,2024-09-11,Asia-Pacific,Paid Ads,Basic,15.0,Cancelled,2024-09-11,2025-08-02,11,165.0,2025-07-08,389,325,1,558.3484162895927,174,2,2,1,5,1,Low Value,1.0,High
166,2024-08-27,Asia-Pacific,Organic Search,Basic,15.0,Cancelled,2024-08-27,2025-07-12,11,165.0,2025-06-23,404,319,1,558.3484162895927,175,2,2,1,5,1,Low Value,1.0,High
342,2024-12-11,Asia-Pacific,Organic Search,Basic,15.0,Cancelled,2024-12-11,2025-11-02,11,165.0,2025-10-07,298,326,1,558.3484162895927,176,2,2,1,5,1,Low Value,1.0,High
702,2025-05-12,Asia-Pacific,Paid Ads,Basic,15.0,Cancelled,2025-05-12,2026-03-15,11,165.0,2026-03-08,146,307,1,558.3484162895927,177,2,2,1,5,0,Mid Value,1.0,High
101,2024-04-12,Asia-Pacific,Organic Search,Premium,75.0,Cancelled,2024-04-12,2024-06-02,2,150.0,2024-05-12,811,51,1,558.3484162895927,178,1,1,1,3,1,Low Value,1.0,High
311,2024-11-06,Asia-Pacific,Social Media,Premium,75.0,Cancelled,2024-11-06,2024-12-31,2,150.0,2024-12-06,603,55,1,558.3484162895927,179,1,1,1,3,1,Low Value,1.0,High
770,2024-09-22,Asia-Pacific,Organic Search,Basic,15.0,Cancelled,2024-09-22,2025-07-06,10,150.0,2025-06-19,408,287,1,558.3484162895927,180,2,2,1,5,1,Low Value,1.0,High
827,2024-07-08,Asia-Pacific,Paid Ads,Basic,15.0,Cancelled,2024-07-08,2025-04-05,10,150.0,2025-04-04,484,271,1,558.3484162895927,181,1,2,1,4,1,Low Value,1.0,High
908,2024-05-10,Asia-Pacific,Organic Search,Basic,15.0,Cancelled,2024-05-10,2025-02-24,10,150.0,2025-02-04,543,290,1,558.3484162895927,182,1,2,1,4,1,Low Value,1.0,High
957,2024-06-04,Asia-Pacific,Organic Search,Basic,15.0,Cancelled,2024-06-04,2025-03-30,10,150.0,2025-03-01,518,299,1,558.3484162895927,183,1,2,1,4,1,Low Value,1.0,High
313,2024-01-23,Asia-Pacific,Social Media,Basic,15.0,Cancelled,2024-01-23,2024-09-25,9,135.0,2024-09-19,681,246,1,558.3484162895927,184,1,1,1,3,1,Low Value,1.0,High
394,2025-02-05,Asia-Pacific,Paid Ads,Basic,15.0,Cancelled,2025-02-05,2025-10-15,9,135.0,2025-10-03,302,252,1,558.3484162895927,185,2,1,1,4,1,Low Value,1.0,High
817,2024-05-27,Asia-Pacific,Paid Ads,Basic,15.0,Cancelled,2024-05-27,2025-02-14,9,135.0,2025-01-22,556,263,1,558.3484162895927,186,1,1,1,3,1,Low Value,1.0,High
971,2025-01-27,Asia-Pacific,Referral,Basic,15.0,Cancelled,2025-01-27,2025-10-06,9,135.0,2025-09-24,311,252,1,558.3484162895927,187,2,1,1,4,1,Low Value,1.0,High
148,2024-10-12,Asia-Pacific,Paid Ads,Basic,15.0,Cancelled,2024-10-12,2025-05-28,8,120.0,2025-05-10,448,228,1,558.3484162895927,188,1,1,1,3,1,Low Value,1.0,High
466,2024-12-07,Asia-Pacific,Organic Search,Basic,15.0,Cancelled,2024-12-07,2025-07-23,8,120.0,2025-07-05,392,228,1,558.3484162895927,189,2,1,1,4,1,Low Value,1.0,High
844,2024-07-31,Asia-Pacific,Social Media,Basic,15.0,Cancelled,2024-07-31,2025-03-25,8,120.0,2025-02-26,521,237,1,558.3484162895927,190,1,1,1,3,1,Low Value,1.0,High
231,2024-10-04,Asia-Pacific,Organic Search,Standard,35.0,Cancelled,2024-10-04,2024-12-30,3,105.0,2024-12-03,606,87,1,558.3484162895927,191,1,1,1,3,1,Low Value,1.0,High
306,2024-10-15,Asia-Pacific,Paid Ads,Standard,35.0,Cancelled,2024-10-15,2025-01-10,3,105.0,2024-12-14,595,87,1,558.3484162895927,192,1,1,1,3,1,Low Value,1.0,High
367,2024-11-13,Asia-Pacific,Organic Search,Standard,35.0,Cancelled,2024-11-13,2025-01-30,3,105.0,2025-01-12,566,78,1,558.3484162895927,193,1,1,1,3,1,Low Value,1.0,High
442,2024-10-12,Asia-Pacific,Paid Ads,Basic,15.0,Cancelled,2024-10-12,2025-05-07,7,105.0,2025-04-10,478,207,1,558.3484162895927,194,1,1,1,3,1,Low Value,1.0,High
687,2025-01-15,Asia-Pacific,Social Media,Standard,35.0,Cancelled,2025-01-15,2025-04-07,3,105.0,2025-03-16,503,82,1,558.3484162895927,195,1,1,1,3,1,Low Value,1.0,High
697,2024-03-25,Asia-Pacific,Paid Ads,Standard,35.0,Cancelled,2024-03-25,2024-06-21,3,105.0,2024-05-24,799,88,1,558.3484162895927,196,1,1,1,3,1,Low Value,1.0,High
710,2025-02-23,Asia-Pacific,Paid Ads,Basic,15.0,Cancelled,2025-02-23,2025-09-04,7,105.0,2025-08-22,344,193,1,558.3484162895927,197,2,1,1,4,1,Low Value,1.0,High
858,2024-01-12,Asia-Pacific,Organic Search,Basic,15.0,Cancelled,2024-01-12,2024-07-29,7,105.0,2024-07-10,752,199,1,558.3484162895927,198,1,1,1,3,1,Low Value,1.0,High
207,2025-01-27,Asia-Pacific,Paid Ads,Basic,15.0,Cancelled,2025-01-27,2025-06-28,6,90.0,2025-06-26,401,152,1,558.3484162895927,199,2,1,1,4,1,Low Value,1.0,High
121,2024-07-09,Asia-Pacific,Paid Ads,Basic,15.0,Cancelled,2024-07-09,2024-11-06,5,75.0,2024-11-06,633,120,1,558.3484162895927,200,1,1,1,3,1,Low Value,1.0,High
480,2024-06-21,Asia-Pacific,Paid Ads,Basic,15.0,Cancelled,2024-06-21,2024-11-16,5,75.0,2024-10-19,651,148,1,558.3484162895927,201,1,1,1,3,1,Low Value,1.0,High
543,2024-04-29,Asia-Pacific,Organic Search,Basic,15.0,Cancelled,2024-04-29,2024-09-23,5,75.0,2024-08-27,704,147,1,558.3484162895927,202,1,1,1,3,1,Low Value,1.0,High
623,2025-01-24,Asia-Pacific,Paid Ads,Basic,15.0,Cancelled,2025-01-24,2025-06-04,5,75.0,2025-05-24,434,131,1,558.3484162895927,203,1,1,1,3,1,Low Value,1.0,High
779,2024-11-11,Asia-Pacific,Organic Search,Basic,15.0,Cancelled,2024-11-11,2025-03-16,5,75.0,2025-03-11,508,125,1,558.3484162895927,204,1,1,1,3,1,Low Value,1.0,High
788,2024-02-09,Asia-Pacific,Paid Ads,Basic,15.0,Cancelled,2024-02-09,2024-07-06,5,75.0,2024-06-08,784,148,1,558.3484162895927,205,1,1,1,3,1,Low Value,1.0,High
843,2024-10-11,Asia-Pacific,Organic Search,Basic,15.0,Cancelled,2024-10-11,2025-02-24,5,75.0,2025-02-08,539,136,1,558.3484162895927,206,1,1,1,3,1,Low Value,1.0,High
856,2024-04-21,Asia-Pacific,Paid Ads,Basic,15.0,Cancelled,2024-04-21,2024-08-28,5,75.0,2024-08-19,712,129,1,558.3484162895927,207,1,1,1,3,1,Low Value,1.0,High
869,2024-02-24,Asia-Pacific,Organic Search,Basic,15.0,Cancelled,2024-02-24,2024-07-15,5,75.0,2024-06-23,769,142,1,558.3484162895927,208,1,1,1,3,1,Low Value,1.0,High
874,2024-04-26,Asia-Pacific,Paid Ads,Basic,15.0,Cancelled,2024-04-26,2024-08-25,5,75.0,2024-08-24,707,121,1,558.3484162895927,209,1,1,1,3,1,Low Value,1.0,High
1043,2024-10-05,Asia-Pacific,Organic Search,Basic,15.0,Cancelled,2024-10-05,2025-02-11,5,75.0,2025-02-02,545,129,1,558.3484162895927,210,1,1,1,3,1,Low Value,1.0,High
714,2024-11-07,Asia-Pacific,Organic Search,Standard,35.0,Cancelled,2024-11-07,2024-12-15,2,70.0,2024-12-07,602,38,1,558.3484162895927,211,1,1,1,3,1,Low Value,1.0,High
136,2024-08-01,Asia-Pacific,Paid Ads,Basic,15.0,Cancelled,2024-08-01,2024-11-06,4,60.0,2024-10-30,640,97,1,558.3484162895927,212,1,1,1,3,1,Low Value,1.0,High
482,2024-11-05,Asia-Pacific,Organic Search,Basic,15.0,Cancelled,2024-11-05,2025-02-13,4,60.0,2025-02-03,544,100,1,558.3484162895927,213,1,1,1,3,1,Low Value,1.0,High
652,2025-03-24,Asia-Pacific,Organic Search,Basic,15.0,Cancelled,2025-03-24,2025-07-12,4,60.0,2025-06-22,405,110,1,558.3484162895927,214,2,1,1,4,1,Low Value,1.0,High
857,2024-03-26,Asia-Pacific,Social Media,Basic,15.0,Cancelled,2024-03-26,2024-07-21,4,60.0,2024-06-24,768,117,1,558.3484162895927,215,1,1,1,3,1,Low Value,1.0,High
523,2025-01-11,Asia-Pacific,Paid Ads,Basic,15.0,Cancelled,2025-01-11,2025-04-02,3,45.0,2025-03-12,507,81,1,558.3484162895927,216,1,1,1,3,1,Low Value,1.0,High
553,2024-02-09,Asia-Pacific,Paid Ads,Basic,15.0,Cancelled,2024-02-09,2024-04-15,3,45.0,2024-04-09,844,66,1,558.3484162895927,217,1,1,1,3,1,Low Value,1.0,High
981,2024-07-24,Asia-Pacific,Paid Ads,Basic,15.0,Cancelled,2024-07-24,2024-10-05,3,45.0,2024-09-22,678,73,1,558.3484162895927,218,1,1,1,3,1,Low Value,1.0,High
1039,2024-10-22,Asia-Pacific,Referral,Basic,15.0,Cancelled,2024-10-22,2024-12-21,3,45.0,2024-12-21,588,60,1,558.3484162895927,219,1,1,1,3,1,Low Value,1.0,High
188,2024-05-14,Asia-Pacific,Paid Ads,Basic,15.0,Cancelled,2024-05-14,2024-07-01,2,30.0,2024-06-13,779,48,1,558.3484162895927,220,1,1,1,3,1,Low Value,1.0,High
767,2025-03-11,Asia-Pacific,Paid Ads,Basic,15.0,Cancelled,2025-03-11,2025-04-10,2,30.0,2025-04-10,478,30,1,558.3484162895927,221,1,1,1,3,1,Low Value,1.0,High
548,2024-01-25,Europe,Organic Search,Premium,75.0,Active,2024-01-25,,31,2325.0,2026-07-13,19,919,0,600.942760942761,1,3,5,5,13,2,VIP,0.0,Low
643,2024-01-18,Europe,Referral,Premium,75.0,Active,2024-01-18,,31,2325.0,2026-07-06,26,926,0,600.942760942761,2,2,5,5,12,2,VIP,0.0,Low
1023,2024-01-19,Europe,Social Media,Premium,75.0,Active,2024-01-19,,31,2325.0,2026-07-07,25,925,0,600.942760942761,3,2,5,5,12,2,VIP,0.0,Low
890,2024-03-10,Europe,Organic Search,Premium,75.0,Active,2024-03-10,,30,2250.0,2026-07-28,4,874,0,600.942760942761,4,5,5,5,15,2,VIP,0.0,Low
213,2024-04-01,Europe,Paid Ads,Premium,75.0,Active,2024-04-01,,29,2175.0,2026-07-20,12,852,0,600.942760942761,5,4,5,5,14,2,VIP,0.0,Low
502,2024-03-29,Europe,Referral,Premium,75.0,Active,2024-03-29,,29,2175.0,2026-07-17,15,855,0,600.942760942761,6,4,5,5,14,2,VIP,0.0,Low
615,2024-03-30,Europe,Social Media,Premium,75.0,Active,2024-03-30,,29,2175.0,2026-07-18,14,854,0,600.942760942761,7,4,5,5,14,2,VIP,0.0,Low
693,2024-04-02,Europe,Organic Search,Premium,75.0,Active,2024-04-02,,29,2175.0,2026-07-21,11,851,0,600.942760942761,8,4,5,5,14,2,VIP,0.0,Low
411,2024-04-24,Europe,Paid Ads,Premium,75.0,Active,2024-04-24,,28,2100.0,2026-07-13,19,829,0,600.942760942761,9,3,5,5,13,2,VIP,0.0,Low
1056,2024-05-05,Europe,Organic Search,Premium,75.0,Active,2024-05-05,,28,2100.0,2026-07-24,8,818,0,600.942760942761,10,5,5,5,15,2,VIP,0.0,Low
670,2024-07-02,Europe,Paid Ads,Premium,75.0,Active,2024-07-02,,26,1950.0,2026-07-22,10,760,0,600.942760942761,11,4,4,5,13,2,VIP,0.0,Low
717,2024-06-21,Europe,Social Media,Premium,75.0,Active,2024-06-21,,26,1950.0,2026-07-11,21,771,0,600.942760942761,12,3,4,5,12,2,VIP,0.0,Low
795,2024-08-06,Europe,Referral,Premium,75.0,Active,2024-08-06,,25,1875.0,2026-07-27,5,725,0,600.942760942761,13,5,4,5,14,2,VIP,0.0,Low
955,2024-08-03,Europe,Social Media,Premium,75.0,Active,2024-08-03,,25,1875.0,2026-07-24,8,728,0,600.942760942761,14,5,4,5,14,2,VIP,0.0,Low
972,2024-07-28,Europe,Social Media,Premium,75.0,Active,2024-07-28,,25,1875.0,2026-07-18,14,734,0,600.942760942761,15,4,4,5,13,2,VIP,0.0,Low
238,2024-09-06,Europe,Paid Ads,Premium,75.0,Active,2024-09-06,,24,1800.0,2026-07-28,4,694,0,600.942760942761,16,5,4,5,14,2,VIP,0.0,Low
305,2024-08-29,Europe,Organic Search,Premium,75.0,Active,2024-08-29,,24,1800.0,2026-07-20,12,702,0,600.942760942761,17,4,4,5,13,2,VIP,0.0,Low
344,2024-09-05,Europe,Referral,Premium,75.0,Active,2024-09-05,,24,1800.0,2026-07-27,5,695,0,600.942760942761,18,5,4,5,14,2,VIP,0.0,Low
787,2024-09-08,Europe,Paid Ads,Premium,75.0,Active,2024-09-08,,24,1800.0,2026-07-30,2,692,0,600.942760942761,19,5,4,5,14,2,VIP,0.0,Low
695,2024-09-23,Europe,Referral,Premium,75.0,Active,2024-09-23,,23,1725.0,2026-07-15,17,677,0,600.942760942761,20,3,4,5,12,2,VIP,0.0,Low
498,2024-11-06,Europe,Organic Search,Premium,75.0,Active,2024-11-06,,22,1650.0,2026-07-29,3,633,0,600.942760942761,21,5,3,5,13,2,VIP,0.0,Low
748,2024-11-06,Europe,Organic Search,Premium,75.0,Active,2024-11-06,,22,1650.0,2026-07-29,3,633,0,600.942760942761,22,5,3,5,13,2,VIP,0.0,Low
765,2024-10-17,Europe,Paid Ads,Premium,75.0,Active,2024-10-17,,22,1650.0,2026-07-09,23,653,0,600.942760942761,23,3,3,5,11,2,VIP,0.0,Low
707,2024-11-29,Europe,Organic Search,Premium,75.0,Active,2024-11-29,,21,1575.0,2026-07-22,10,610,0,600.942760942761,24,4,3,5,12,2,VIP,0.0,Low
104,2025-01-07,Europe,Referral,Premium,75.0,Active,2025-01-07,,20,1500.0,2026-07-31,1,571,0,600.942760942761,25,5,3,5,13,2,VIP,0.0,Low
169,2024-12-11,Europe,Organic Search,Premium,75.0,Active,2024-12-11,,20,1500.0,2026-07-04,28,598,0,600.942760942761,26,2,3,5,10,2,VIP,0.0,Low
450,2024-12-14,Europe,Paid Ads,Premium,75.0,Active,2024-12-14,,20,1500.0,2026-07-07,25,595,0,600.942760942761,27,2,3,5,10,2,VIP,0.0,Low
384,2025-02-02,Europe,Paid Ads,Premium,75.0,Active,2025-02-02,,19,1425.0,2026-07-27,5,545,0,600.942760942761,28,5,3,5,13,2,VIP,0.0,Low
460,2025-02-06,Europe,Paid Ads,Premium,75.0,Active,2025-02-06,,19,1425.0,2026-07-31,1,541,0,600.942760942761,29,5,3,5,13,2,VIP,0.0,Low
304,2025-02-12,Europe,Social Media,Premium,75.0,Active,2025-02-12,,18,1350.0,2026-07-07,25,535,0,600.942760942761,30,2,2,5,9,2,VIP,0.0,Low
797,2025-02-26,Europe,Paid Ads,Premium,75.0,Active,2025-02-26,,18,1350.0,2026-07-21,11,521,0,600.942760942761,31,4,2,5,11,2,VIP,0.0,Low
811,2025-03-18,Europe,Organic Search,Premium,75.0,Active,2025-03-18,,17,1275.0,2026-07-11,21,501,0,600.942760942761,32,3,2,5,10,2,VIP,0.0,Low
960,2025-03-16,Europe,Paid Ads,Premium,75.0,Active,2025-03-16,,17,1275.0,2026-07-09,23,503,0,600.942760942761,33,3,2,5,10,2,VIP,0.0,Low
854,2025-04-17,Europe,Referral,Premium,75.0,Active,2025-04-17,,16,1200.0,2026-07-11,21,471,0,600.942760942761,34,3,2,5,10,2,VIP,0.0,Low
1071,2025-05-03,Europe,Paid Ads,Premium,75.0,Active,2025-05-03,,16,1200.0,2026-07-27,5,455,0,600.942760942761,35,5,2,5,12,2,VIP,0.0,Low
293,2024-01-01,Europe,Paid Ads,Standard,35.0,Active,2024-01-01,,32,1120.0,2026-07-19,13,943,0,600.942760942761,36,4,5,5,14,3,High Value,0.0,Low
612,2024-01-02,Europe,Social Media,Standard,35.0,Active,2024-01-02,,32,1120.0,2026-07-20,12,942,0,600.942760942761,37,4,5,5,14,3,High Value,0.0,Low
492,2024-01-17,Europe,Referral,Standard,35.0,Active,2024-01-17,,31,1085.0,2026-07-05,27,927,0,600.942760942761,38,2,5,5,12,3,High Value,0.0,Low
780,2024-02-12,Europe,Referral,Standard,35.0,Active,2024-02-12,,31,1085.0,2026-07-31,1,901,0,600.942760942761,39,5,5,5,15,3,High Value,0.0,Low
102,2024-03-12,Europe,Organic Search,Standard,35.0,Active,2024-03-12,,30,1050.0,2026-07-30,2,872,0,600.942760942761,40,5,5,5,15,3,High Value,0.0,Low
120,2024-02-23,Europe,Organic Search,Standard,35.0,Active,2024-02-23,,30,1050.0,2026-07-12,20,890,0,600.942760942761,41,3,5,5,13,3,High Value,0.0,Low
261,2024-03-02,Europe,Paid Ads,Standard,35.0,Active,2024-03-02,,30,1050.0,2026-07-20,12,882,0,600.942760942761,42,4,5,5,14,3,High Value,0.0,Low
400,2024-03-07,Europe,Paid Ads,Standard,35.0,Active,2024-03-07,,30,1050.0,2026-07-25,7,877,0,600.942760942761,43,5,5,5,15,3,High Value,0.0,Low
603,2024-03-04,Europe,Organic Search,Standard,35.0,Active,2024-03-04,,30,1050.0,2026-07-22,10,880,0,600.942760942761,44,4,5,5,14,3,High Value,0.0,Low
708,2024-02-21,Europe,Social Media,Standard,35.0,Active,2024-02-21,,30,1050.0,2026-07-10,22,892,0,600.942760942761,45,3,5,5,13,3,High Value,0.0,Low
1057,2024-03-04,Europe,Paid Ads,Standard,35.0,Active,2024-03-04,,30,1050.0,2026-07-22,10,880,0,600.942760942761,46,4,5,5,14,3,High Value,0.0,Low
1090,2024-03-10,Europe,Paid Ads,Standard,35.0,Active,2024-03-10,,30,1050.0,2026-07-28,4,874,0,600.942760942761,47,5,5,5,15,3,High Value,0.0,Low
165,2024-04-07,Europe,Paid Ads,Standard,35.0,Active,2024-04-07,,29,1015.0,2026-07-26,6,846,0,600.942760942761,48,5,5,5,15,3,High Value,0.0,Low
303,2024-03-22,Europe,Paid Ads,Standard,35.0,Active,2024-03-22,,29,1015.0,2026-07-10,22,862,0,600.942760942761,49,3,5,5,13,3,High Value,0.0,Low
493,2024-04-13,Europe,Organic Search,Standard,35.0,Active,2024-04-13,,29,1015.0,2026-08-01,0,840,0,600.942760942761,50,5,5,5,15,3,High Value,0.0,Low
626,2024-03-27,Europe,Paid Ads,Standard,35.0,Active,2024-03-27,,29,1015.0,2026-07-15,17,857,0,600.942760942761,51,3,5,5,13,3,High Value,0.0,Low
945,2024-05-08,Europe,Social Media,Standard,35.0,Active,2024-05-08,,28,980.0,2026-07-27,5,815,0,600.942760942761,52,5,5,5,15,3,High Value,0.0,Low
266,2024-05-23,Europe,Organic Search,Standard,35.0,Active,2024-05-23,,27,945.0,2026-07-12,20,800,0,600.942760942761,53,3,4,5,12,3,High Value,0.0,Low
467,2024-06-06,Europe,Social Media,Standard,35.0,Active,2024-06-06,,27,945.0,2026-07-26,6,786,0,600.942760942761,54,5,4,5,14,3,High Value,0.0,Low
709,2024-06-04,Europe,Paid Ads,Standard,35.0,Active,2024-06-04,,27,945.0,2026-07-24,8,788,0,600.942760942761,55,5,4,5,14,3,High Value,0.0,Low
741,2024-06-08,Europe,Social Media,Standard,35.0,Active,2024-06-08,,27,945.0,2026-07-28,4,784,0,600.942760942761,56,5,4,5,14,3,High Value,0.0,Low
919,2024-05-23,Europe,Referral,Standard,35.0,Active,2024-05-23,,27,945.0,2026-07-12,20,800,0,600.942760942761,57,3,4,5,12,3,High Value,0.0,Low
153,2024-06-13,Europe,Organic Search,Standard,35.0,Active,2024-06-13,,26,910.0,2026-07-03,29,779,0,600.942760942761,58,2,4,5,11,3,High Value,0.0,Low
286,2024-07-09,Europe,Organic Search,Standard,35.0,Active,2024-07-09,,26,910.0,2026-07-29,3,753,0,600.942760942761,59,5,4,5,14,3,High Value,0.0,Low
444,2024-07-12,Europe,Paid Ads,Standard,35.0,Active,2024-07-12,,26,910.0,2026-08-01,0,750,0,600.942760942761,60,5,4,5,14,3,High Value,0.0,Low
814,2024-03-27,Europe,Organic Search,Premium,75.0,Cancelled,2024-03-27,2025-03-12,12,900.0,2025-02-20,527,350,1,600.942760942761,61,1,2,4,7,1,Low Value,1.0,High
271,2024-08-02,Europe,Referral,Standard,35.0,Active,2024-08-02,,25,875.0,2026-07-23,9,729,0,600.942760942761,62,4,4,4,12,3,High Value,0.0,Low
376,2024-07-30,Europe,Organic Search,Standard,35.0,Active,2024-07-30,,25,875.0,2026-07-20,12,732,0,600.942760942761,63,4,4,4,12,3,High Value,0.0,Low
408,2024-08-03,Europe,Paid Ads,Standard,35.0,Active,2024-08-03,,25,875.0,2026-07-24,8,728,0,600.942760942761,64,5,4,4,13,3,High Value,0.0,Low
819,2024-07-29,Europe,Organic Search,Standard,35.0,Active,2024-07-29,,25,875.0,2026-07-19,13,733,0,600.942760942761,65,4,4,4,12,3,High Value,0.0,Low
323,2024-08-16,Europe,Referral,Standard,35.0,Active,2024-08-16,,24,840.0,2026-07-07,25,715,0,600.942760942761,66,2,4,4,10,3,High Value,0.0,Low
479,2024-08-24,Europe,Organic Search,Standard,35.0,Active,2024-08-24,,24,840.0,2026-07-15,17,707,0,600.942760942761,67,3,4,4,11,3,High Value,0.0,Low
864,2024-08-17,Europe,Referral,Standard,35.0,Active,2024-08-17,,24,840.0,2026-07-08,24,714,0,600.942760942761,68,3,4,4,11,3,High Value,0.0,Low
904,2024-09-04,Europe,Organic Search,Standard,35.0,Active,2024-09-04,,24,840.0,2026-07-26,6,696,0,600.942760942761,69,5,4,4,13,3,High Value,0.0,Low
224,2024-10-01,Europe,Organic Search,Standard,35.0,Active,2024-10-01,,23,805.0,2026-07-23,9,669,0,600.942760942761,70,4,4,4,12,3,High Value,0.0,Low
505,2024-10-08,Europe,Social Media,Standard,35.0,Active,2024-10-08,,23,805.0,2026-07-30,2,662,0,600.942760942761,71,5,4,4,13,3,High Value,0.0,Low
746,2024-09-20,Europe,Organic Search,Standard,35.0,Active,2024-09-20,,23,805.0,2026-07-12,20,680,0,600.942760942761,72,3,4,4,11,3,High Value,0.0,Low
1035,2024-09-22,Europe,Organic Search,Standard,35.0,Active,2024-09-22,,23,805.0,2026-07-14,18,678,0,600.942760942761,73,3,4,4,11,3,High Value,0.0,Low
1044,2024-10-03,Europe,Paid Ads,Standard,35.0,Active,2024-10-03,,23,805.0,2026-07-25,7,667,0,600.942760942761,74,5,4,4,13,3,High Value,0.0,Low
237,2024-10-15,Europe,Paid Ads,Standard,35.0,Active,2024-10-15,,22,770.0,2026-07-07,25,655,0,600.942760942761,75,2,3,4,9,3,High Value,0.0,Low
402,2024-10-15,Europe,Social Media,Standard,35.0,Active,2024-10-15,,22,770.0,2026-07-07,25,655,0,600.942760942761,76,2,3,4,9,3,High Value,0.0,Low
682,2024-10-30,Europe,Organic Search,Standard,35.0,Active,2024-10-30,,22,770.0,2026-07-22,10,640,0,600.942760942761,77,4,3,4,11,3,High Value,0.0,Low
849,2024-10-21,Europe,Social Media,Standard,35.0,Active,2024-10-21,,22,770.0,2026-07-13,19,649,0,600.942760942761,78,3,3,4,10,3,High Value,0.0,Low
861,2024-11-07,Europe,Organic Search,Standard,35.0,Active,2024-11-07,,22,770.0,2026-07-30,2,632,0,600.942760942761,79,5,3,4,12,3,High Value,0.0,Low
891,2024-10-21,Europe,Paid Ads,Standard,35.0,Active,2024-10-21,,22,770.0,2026-07-13,19,649,0,600.942760942761,80,3,3,4,10,3,High Value,0.0,Low
909,2024-10-31,Europe,Social Media,Standard,35.0,Active,2024-10-31,,22,770.0,2026-07-23,9,639,0,600.942760942761,81,4,3,4,11,3,High Value,0.0,Low
959,2024-11-02,Europe,Referral,Standard,35.0,Active,2024-11-02,,22,770.0,2026-07-25,7,637,0,600.942760942761,82,5,3,4,12,3,High Value,0.0,Low
333,2024-05-05,Europe,Organic Search,Premium,75.0,Cancelled,2024-05-05,2025-02-02,10,750.0,2025-01-30,548,273,1,600.942760942761,83,1,2,4,7,1,Low Value,1.0,High
242,2024-12-01,Europe,Organic Search,Standard,35.0,Active,2024-12-01,,21,735.0,2026-07-24,8,608,0,600.942760942761,84,5,3,4,12,0,Mid Value,0.0,Low
650,2024-11-21,Europe,Paid Ads,Standard,35.0,Active,2024-11-21,,21,735.0,2026-07-14,18,618,0,600.942760942761,85,3,3,4,10,0,Mid Value,0.0,Low
833,2024-11-10,Europe,Paid Ads,Standard,35.0,Active,2024-11-10,,21,735.0,2026-07-03,29,629,0,600.942760942761,86,2,3,4,9,0,Mid Value,0.0,Low
361,2025-01-03,Europe,Paid Ads,Standard,35.0,Active,2025-01-03,,20,700.0,2026-07-27,5,575,0,600.942760942761,87,5,3,4,12,0,Mid Value,0.0,Low
448,2024-12-31,Europe,Social Media,Standard,35.0,Active,2024-12-31,,20,700.0,2026-07-24,8,578,0,600.942760942761,88,5,3,4,12,0,Mid Value,0.0,Low
882,2024-12-24,Europe,Paid Ads,Standard,35.0,Active,2024-12-24,,20,700.0,2026-07-17,15,585,0,600.942760942761,89,4,3,4,11,0,Mid Value,0.0,Low
334,2025-01-05,Europe,Paid Ads,Premium,75.0,Cancelled,2025-01-05,2025-09-07,9,675.0,2025-09-02,333,245,1,600.942760942761,90,2,1,4,7,1,Low Value,1.0,High
116,2025-01-20,Europe,Paid Ads,Standard,35.0,Active,2025-01-20,,19,665.0,2026-07-14,18,558,0,600.942760942761,91,3,3,4,10,0,Mid Value,0.0,Low
210,2025-01-25,Europe,Referral,Standard,35.0,Active,2025-01-25,,19,665.0,2026-07-19,13,553,0,600.942760942761,92,4,3,4,11,0,Mid Value,0.0,Low
243,2025-01-18,Europe,Social Media,Standard,35.0,Active,2025-01-18,,19,665.0,2026-07-12,20,560,0,600.942760942761,93,3,3,4,10,0,Mid Value,0.0,Low
270,2025-02-01,Europe,Paid Ads,Standard,35.0,Active,2025-02-01,,19,665.0,2026-07-26,6,546,0,600.942760942761,94,5,3,4,12,0,Mid Value,0.0,Low
529,2025-01-11,Europe,Organic Search,Standard,35.0,Active,2025-01-11,,19,665.0,2026-07-05,27,567,0,600.942760942761,95,2,3,4,9,0,Mid Value,0.0,Low
775,2025-01-26,Europe,Paid Ads,Standard,35.0,Active,2025-01-26,,19,665.0,2026-07-20,12,552,0,600.942760942761,96,4,3,4,11,0,Mid Value,0.0,Low
1031,2025-02-15,Europe,Social Media,Standard,35.0,Active,2025-02-15,,18,630.0,2026-07-10,22,532,0,600.942760942761,97,3,3,4,10,0,Mid Value,0.0,Low
445,2024-08-09,Europe,Organic Search,Premium,75.0,Cancelled,2024-08-09,2025-03-09,8,600.0,2025-03-07,512,212,1,600.942760942761,98,1,1,4,6,1,Low Value,1.0,High
992,2024-06-06,Europe,Organic Search,Premium,75.0,Cancelled,2024-06-06,2025-01-09,8,600.0,2025-01-02,576,217,1,600.942760942761,99,1,1,4,6,1,Low Value,1.0,High
117,2025-03-30,Europe,Social Media,Standard,35.0,Active,2025-03-30,,17,595.0,2026-07-23,9,489,0,600.942760942761,100,4,2,4,10,0,Mid Value,0.0,Low
398,2025-03-25,Europe,Social Media,Standard,35.0,Active,2025-03-25,,17,595.0,2026-07-18,14,494,0,600.942760942761,101,4,2,4,10,0,Mid Value,0.0,Low
729,2025-03-30,Europe,Organic Search,Standard,35.0,Active,2025-03-30,,17,595.0,2026-07-23,9,489,0,600.942760942761,102,4,2,4,10,0,Mid Value,0.0,Low
1010,2025-03-24,Europe,Paid Ads,Standard,35.0,Active,2025-03-24,,17,595.0,2026-07-17,15,495,0,600.942760942761,103,4,2,4,10,0,Mid Value,0.0,Low
1029,2025-03-25,Europe,Social Media,Standard,35.0,Active,2025-03-25,,17,595.0,2026-07-18,14,494,0,600.942760942761,104,4,2,4,10,0,Mid Value,0.0,Low
183,2025-04-17,Europe,Organic Search,Standard,35.0,Active,2025-04-17,,16,560.0,2026-07-11,21,471,0,600.942760942761,105,3,2,4,9,0,Mid Value,0.0,Low
317,2025-05-02,Europe,Paid Ads,Standard,35.0,Active,2025-05-02,,16,560.0,2026-07-26,6,456,0,600.942760942761,106,5,2,4,11,0,Mid Value,0.0,Low
457,2025-04-13,Europe,Paid Ads,Standard,35.0,Active,2025-04-13,,16,560.0,2026-07-07,25,475,0,600.942760942761,107,2,2,4,8,0,Mid Value,0.0,Low
510,2025-05-04,Europe,Referral,Standard,35.0,Active,2025-05-04,,16,560.0,2026-07-28,4,454,0,600.942760942761,108,5,2,4,11,0,Mid Value,0.0,Low
678,2025-04-10,Europe,Social Media,Standard,35.0,Active,2025-04-10,,16,560.0,2026-07-04,28,478,0,600.942760942761,109,2,2,4,8,0,Mid Value,0.0,Low
958,2025-04-13,Europe,Social Media,Standard,35.0,Active,2025-04-13,,16,560.0,2026-07-07,25,475,0,600.942760942761,110,2,2,4,8,0,Mid Value,0.0,Low
348,2024-07-25,Europe,Social Media,Premium,75.0,Cancelled,2024-07-25,2025-01-26,7,525.0,2025-01-21,557,185,1,600.942760942761,111,1,1,4,6,1,Low Value,1.0,High
414,2024-07-18,Europe,Organic Search,Premium,75.0,Cancelled,2024-07-18,2025-02-09,7,525.0,2025-01-14,564,206,1,600.942760942761,112,1,1,4,6,1,Low Value,1.0,High
521,2025-05-11,Europe,Paid Ads,Standard,35.0,Active,2025-05-11,,15,525.0,2026-07-05,27,447,0,600.942760942761,113,2,2,4,8,0,Mid Value,0.0,Low
694,2025-05-11,Europe,Organic Search,Standard,35.0,Active,2025-05-11,,15,525.0,2026-07-05,27,447,0,600.942760942761,114,2,2,4,8,0,Mid Value,0.0,Low
159,2024-01-02,Europe,Organic Search,Basic,15.0,Active,2024-01-02,,32,480.0,2026-07-20,12,942,0,600.942760942761,115,4,5,4,13,3,High Value,0.0,Low
285,2024-01-01,Europe,Organic Search,Basic,15.0,Active,2024-01-01,,32,480.0,2026-07-19,13,943,0,600.942760942761,116,4,5,4,13,3,High Value,0.0,Low
349,2024-01-14,Europe,Paid Ads,Basic,15.0,Active,2024-01-14,,32,480.0,2026-08-01,0,930,0,600.942760942761,117,5,5,4,14,3,High Value,0.0,Low
566,2024-01-13,Europe,Social Media,Basic,15.0,Active,2024-01-13,,32,480.0,2026-07-31,1,931,0,600.942760942761,118,5,5,4,14,3,High Value,0.0,Low
582,2024-01-04,Europe,Paid Ads,Basic,15.0,Active,2024-01-04,,32,480.0,2026-07-22,10,940,0,600.942760942761,119,4,5,4,13,3,High Value,0.0,Low
622,2024-01-07,Europe,Paid Ads,Basic,15.0,Active,2024-01-07,,32,480.0,2026-07-25,7,937,0,600.942760942761,120,5,5,4,14,3,High Value,0.0,Low
989,2024-01-02,Europe,Paid Ads,Basic,15.0,Active,2024-01-02,,32,480.0,2026-07-20,12,942,0,600.942760942761,121,4,5,4,13,3,High Value,0.0,Low
267,2024-01-25,Europe,Organic Search,Basic,15.0,Active,2024-01-25,,31,465.0,2026-07-13,19,919,0,600.942760942761,122,3,5,3,11,3,High Value,0.0,Low
358,2024-01-25,Europe,Referral,Basic,15.0,Active,2024-01-25,,31,465.0,2026-07-13,19,919,0,600.942760942761,123,3,5,3,11,3,High Value,0.0,Low
369,2024-02-09,Europe,Social Media,Basic,15.0,Active,2024-02-09,,31,465.0,2026-07-28,4,904,0,600.942760942761,124,5,5,3,13,3,High Value,0.0,Low
378,2024-02-07,Europe,Organic Search,Basic,15.0,Active,2024-02-07,,31,465.0,2026-07-26,6,906,0,600.942760942761,125,5,5,3,13,3,High Value,0.0,Low
475,2024-02-03,Europe,Referral,Basic,15.0,Active,2024-02-03,,31,465.0,2026-07-22,10,910,0,600.942760942761,126,4,5,3,12,3,High Value,0.0,Low
516,2024-01-16,Europe,Social Media,Basic,15.0,Active,2024-01-16,,31,465.0,2026-07-04,28,928,0,600.942760942761,127,2,5,3,10,3,High Value,0.0,Low
887,2024-02-04,Europe,Social Media,Basic,15.0,Active,2024-02-04,,31,465.0,2026-07-23,9,909,0,600.942760942761,128,4,5,3,12,3,High Value,0.0,Low
1059,2024-01-31,Europe,Organic Search,Basic,15.0,Active,2024-01-31,,31,465.0,2026-07-19,13,913,0,600.942760942761,129,4,5,3,12,3,High Value,0.0,Low
1087,2024-01-20,Europe,Organic Search,Basic,15.0,Active,2024-01-20,,31,465.0,2026-07-08,24,924,0,600.942760942761,130,3,5,4,12,3,High Value,0.0,Low
221,2024-02-16,Europe,Organic Search,Basic,15.0,Active,2024-02-16,,30,450.0,2026-07-05,27,897,0,600.942760942761,131,2,5,3,10,3,High Value,0.0,Low
544,2024-03-08,Europe,Organic Search,Basic,15.0,Active,2024-03-08,,30,450.0,2026-07-26,6,876,0,600.942760942761,132,5,5,3,13,3,High Value,0.0,Low
640,2024-03-06,Europe,Referral,Basic,15.0,Active,2024-03-06,,30,450.0,2026-07-24,8,878,0,600.942760942761,133,5,5,3,13,3,High Value,0.0,Low
967,2024-03-07,Europe,Paid Ads,Basic,15.0,Active,2024-03-07,,30,450.0,2026-07-25,7,877,0,600.942760942761,134,5,5,3,13,3,High Value,0.0,Low
1042,2024-03-02,Europe,Paid Ads,Basic,15.0,Active,2024-03-02,,30,450.0,2026-07-20,12,882,0,600.942760942761,135,4,5,3,12,3,High Value,0.0,Low
142,2024-04-05,Europe,Organic Search,Basic,15.0,Active,2024-04-05,,29,435.0,2026-07-24,8,848,0,600.942760942761,136,5,5,3,13,3,High Value,0.0,Low
193,2024-04-06,Europe,Paid Ads,Basic,15.0,Active,2024-04-06,,29,435.0,2026-07-25,7,847,0,600.942760942761,137,5,5,3,13,3,High Value,0.0,Low
218,2024-04-10,Europe,Referral,Basic,15.0,Active,2024-04-10,,29,435.0,2026-07-29,3,843,0,600.942760942761,138,5,5,3,13,3,High Value,0.0,Low
228,2024-04-05,Europe,Referral,Basic,15.0,Active,2024-04-05,,29,435.0,2026-07-24,8,848,0,600.942760942761,139,5,5,3,13,3,High Value,0.0,Low
595,2024-03-19,Europe,Paid Ads,Basic,15.0,Active,2024-03-19,,29,435.0,2026-07-07,25,865,0,600.942760942761,140,2,5,3,10,3,High Value,0.0,Low
711,2024-03-17,Europe,Organic Search,Basic,15.0,Active,2024-03-17,,29,435.0,2026-07-05,27,867,0,600.942760942761,141,2,5,3,10,3,High Value,0.0,Low
845,2024-04-04,Europe,Organic Search,Basic,15.0,Active,2024-04-04,,29,435.0,2026-07-23,9,849,0,600.942760942761,142,4,5,3,12,3,High Value,0.0,Low
1037,2024-03-24,Europe,Referral,Basic,15.0,Active,2024-03-24,,29,435.0,2026-07-12,20,860,0,600.942760942761,143,3,5,3,11,3,High Value,0.0,Low
1091,2024-04-11,Europe,Paid Ads,Basic,15.0,Active,2024-04-11,,29,435.0,2026-07-30,2,842,0,600.942760942761,144,5,5,3,13,3,High Value,0.0,Low
172,2024-05-08,Europe,Referral,Basic,15.0,Active,2024-05-08,,28,420.0,2026-07-27,5,815,0,600.942760942761,145,5,5,3,13,3,High Value,0.0,Low
175,2024-04-21,Europe,Paid Ads,Basic,15.0,Active,2024-04-21,,28,420.0,2026-07-10,22,832,0,600.942760942761,146,3,5,3,11,3,High Value,0.0,Low
226,2024-05-06,Europe,Paid Ads,Basic,15.0,Active,2024-05-06,,28,420.0,2026-07-25,7,817,0,600.942760942761,147,5,5,3,13,3,High Value,0.0,Low
282,2024-05-05,Europe,Organic Search,Basic,15.0,Active,2024-05-05,,28,420.0,2026-07-24,8,818,0,600.942760942761,148,5,5,3,13,3,High Value,0.0,Low
322,2024-04-21,Europe,Paid Ads,Basic,15.0,Active,2024-04-21,,28,420.0,2026-07-10,22,832,0,600.942760942761,149,3,5,3,11,3,High Value,0.0,Low
359,2024-04-18,Europe,Paid Ads,Basic,15.0,Active,2024-04-18,,28,420.0,2026-07-07,25,835,0,600.942760942761,150,2,5,3,10,3,High Value,0.0,Low
740,2024-05-09,Europe,Organic Search,Basic,15.0,Active,2024-05-09,,28,420.0,2026-07-28,4,814,0,600.942760942761,151,5,5,3,13,3,High Value,0.0,Low
810,2024-10-10,Europe,Referral,Standard,35.0,Cancelled,2024-10-10,2025-09-08,12,420.0,2025-09-05,330,333,1,600.942760942761,152,2,2,3,7,1,Low Value,1.0,High
836,2024-04-22,Europe,Organic Search,Basic,15.0,Active,2024-04-22,,28,420.0,2026-07-11,21,831,0,600.942760942761,153,3,5,3,11,3,High Value,0.0,Low
862,2024-04-20,Europe,Referral,Basic,15.0,Active,2024-04-20,,28,420.0,2026-07-09,23,833,0,600.942760942761,154,3,5,3,11,3,High Value,0.0,Low
1024,2024-04-18,Europe,Paid Ads,Basic,15.0,Active,2024-04-18,,28,420.0,2026-07-07,25,835,0,600.942760942761,155,2,5,3,10,3,High Value,0.0,Low
1058,2024-04-25,Europe,Paid Ads,Basic,15.0,Active,2024-04-25,,28,420.0,2026-07-14,18,828,0,600.942760942761,156,3,5,3,11,3,High Value,0.0,Low
162,2024-06-08,Europe,Paid Ads,Basic,15.0,Active,2024-06-08,,27,405.0,2026-07-28,4,784,0,600.942760942761,157,5,4,3,12,3,High Value,0.0,Low
240,2024-05-26,Europe,Social Media,Basic,15.0,Active,2024-05-26,,27,405.0,2026-07-15,17,797,0,600.942760942761,158,3,4,3,10,3,High Value,0.0,Low
111,2024-06-23,Europe,Paid Ads,Basic,15.0,Active,2024-06-23,,26,390.0,2026-07-13,19,769,0,600.942760942761,159,3,4,3,10,3,High Value,0.0,Low
433,2024-06-28,Europe,Social Media,Basic,15.0,Active,2024-06-28,,26,390.0,2026-07-18,14,764,0,600.942760942761,160,4,4,3,11,3,High Value,0.0,Low
539,2024-06-25,Europe,Paid Ads,Basic,15.0,Active,2024-06-25,,26,390.0,2026-07-15,17,767,0,600.942760942761,161,3,4,3,10,3,High Value,0.0,Low
541,2024-06-26,Europe,Social Media,Basic,15.0,Active,2024-06-26,,26,390.0,2026-07-16,16,766,0,600.942760942761,162,4,4,3,11,3,High Value,0.0,Low
801,2024-07-09,Europe,Organic Search,Basic,15.0,Active,2024-07-09,,26,390.0,2026-07-29,3,753,0,600.942760942761,163,5,4,3,12,3,High Value,0.0,Low
893,2024-06-22,Europe,Organic Search,Basic,15.0,Active,2024-06-22,,26,390.0,2026-07-12,20,770,0,600.942760942761,164,3,4,3,10,3,High Value,0.0,Low
931,2024-06-15,Europe,Social Media,Basic,15.0,Active,2024-06-15,,26,390.0,2026-07-05,27,777,0,600.942760942761,165,2,4,3,9,3,High Value,0.0,Low
1028,2024-06-25,Europe,Referral,Basic,15.0,Active,2024-06-25,,26,390.0,2026-07-15,17,767,0,600.942760942761,166,3,4,3,10,3,High Value,0.0,Low
364,2025-03-29,Europe,Organic Search,Standard,35.0,Cancelled,2025-03-29,2026-01-28,11,385.0,2026-01-23,190,305,1,600.942760942761,167,2,2,3,7,0,Mid Value,1.0,High
532,2024-12-09,Europe,Paid Ads,Standard,35.0,Cancelled,2024-12-09,2025-10-16,11,385.0,2025-10-05,300,311,1,600.942760942761,168,2,2,3,7,1,Low Value,1.0,High
940,2024-02-09,Europe,Paid Ads,Standard,35.0,Cancelled,2024-02-09,2024-12-12,11,385.0,2024-12-05,604,307,1,600.942760942761,169,1,2,3,6,1,Low Value,1.0,High
1080,2024-08-01,Europe,Paid Ads,Standard,35.0,Cancelled,2024-08-01,2025-06-17,11,385.0,2025-05-28,430,320,1,600.942760942761,170,1,2,3,6,1,Low Value,1.0,High
135,2024-08-03,Europe,Paid Ads,Basic,15.0,Active,2024-08-03,,25,375.0,2026-07-24,8,728,0,600.942760942761,171,5,4,3,12,0,Mid Value,0.0,Low
301,2024-07-30,Europe,Organic Search,Basic,15.0,Active,2024-07-30,,25,375.0,2026-07-20,12,732,0,600.942760942761,172,4,4,3,11,0,Mid Value,0.0,Low
343,2024-08-05,Europe,Organic Search,Basic,15.0,Active,2024-08-05,,25,375.0,2026-07-26,6,726,0,600.942760942761,173,5,4,3,12,0,Mid Value,0.0,Low
405,2024-07-14,Europe,Referral,Basic,15.0,Active,2024-07-14,,25,375.0,2026-07-04,28,748,0,600.942760942761,174,2,4,3,9,0,Mid Value,0.0,Low
430,2024-07-28,Europe,Social Media,Premium,75.0,Cancelled,2024-07-28,2024-12-04,5,375.0,2024-11-25,614,129,1,600.942760942761,175,1,1,3,5,1,Low Value,1.0,High
599,2024-07-24,Europe,Paid Ads,Basic,15.0,Active,2024-07-24,,25,375.0,2026-07-14,18,738,0,600.942760942761,176,3,4,3,10,0,Mid Value,0.0,Low
619,2024-08-10,Europe,Referral,Basic,15.0,Active,2024-08-10,,25,375.0,2026-07-31,1,721,0,600.942760942761,177,5,4,3,12,0,Mid Value,0.0,Low
646,2024-11-29,Europe,Paid Ads,Premium,75.0,Cancelled,2024-11-29,2025-04-10,5,375.0,2025-03-29,490,132,1,600.942760942761,178,1,1,3,5,1,Low Value,1.0,High
692,2024-07-17,Europe,Paid Ads,Basic,15.0,Active,2024-07-17,,25,375.0,2026-07-07,25,745,0,600.942760942761,179,2,4,3,9,0,Mid Value,0.0,Low
1036,2024-07-19,Europe,Social Media,Basic,15.0,Active,2024-07-19,,25,375.0,2026-07-09,23,743,0,600.942760942761,180,3,4,3,10,0,Mid Value,0.0,Low
108,2024-09-09,Europe,Organic Search,Basic,15.0,Active,2024-09-09,,24,360.0,2026-07-31,1,691,0,600.942760942761,181,5,4,3,12,0,Mid Value,0.0,Low
112,2024-08-31,Europe,Organic Search,Basic,15.0,Active,2024-08-31,,24,360.0,2026-07-22,10,700,0,600.942760942761,182,4,4,3,11,0,Mid Value,0.0,Low
143,2024-08-18,Europe,Referral,Basic,15.0,Active,2024-08-18,,24,360.0,2026-07-09,23,713,0,600.942760942761,183,3,4,3,10,0,Mid Value,0.0,Low
929,2024-09-04,Europe,Social Media,Basic,15.0,Active,2024-09-04,,24,360.0,2026-07-26,6,696,0,600.942760942761,184,5,4,3,12,0,Mid Value,0.0,Low
437,2024-05-27,Europe,Organic Search,Standard,35.0,Cancelled,2024-05-27,2025-03-10,10,350.0,2025-02-21,526,287,1,600.942760942761,185,1,2,3,6,1,Low Value,1.0,High
742,2024-02-19,Europe,Organic Search,Standard,35.0,Cancelled,2024-02-19,2024-12-07,10,350.0,2024-11-15,624,292,1,600.942760942761,186,1,2,3,6,1,Low Value,1.0,High
762,2025-02-09,Europe,Social Media,Standard,35.0,Cancelled,2025-02-09,2025-11-08,10,350.0,2025-11-06,268,272,1,600.942760942761,187,2,2,3,7,1,Low Value,0.99,High
848,2024-04-27,Europe,Referral,Standard,35.0,Cancelled,2024-04-27,2025-02-01,10,350.0,2025-01-22,556,280,1,600.942760942761,188,1,2,3,6,1,Low Value,1.0,High
107,2024-10-03,Europe,Paid Ads,Basic,15.0,Active,2024-10-03,,23,345.0,2026-07-25,7,667,0,600.942760942761,189,5,4,2,11,0,Mid Value,0.0,Low
192,2024-10-09,Europe,Paid Ads,Basic,15.0,Active,2024-10-09,,23,345.0,2026-07-31,1,661,0,600.942760942761,190,5,4,2,11,0,Mid Value,0.0,Low
504,2024-09-22,Europe,Social Media,Basic,15.0,Active,2024-09-22,,23,345.0,2026-07-14,18,678,0,600.942760942761,191,3,4,2,9,0,Mid Value,0.0,Low
604,2024-09-30,Europe,Paid Ads,Basic,15.0,Active,2024-09-30,,23,345.0,2026-07-22,10,670,0,600.942760942761,192,4,4,2,10,0,Mid Value,0.0,Low
706,2024-10-03,Europe,Organic Search,Basic,15.0,Active,2024-10-03,,23,345.0,2026-07-25,7,667,0,600.942760942761,193,5,4,2,11,0,Mid Value,0.0,Low
157,2024-10-21,Europe,Paid Ads,Basic,15.0,Active,2024-10-21,,22,330.0,2026-07-13,19,649,0,600.942760942761,194,3,3,2,8,0,Mid Value,0.0,Low
326,2024-10-12,Europe,Organic Search,Basic,15.0,Active,2024-10-12,,22,330.0,2026-07-04,28,658,0,600.942760942761,195,2,3,2,7,0,Mid Value,0.0,Low
577,2024-10-11,Europe,Paid Ads,Basic,15.0,Active,2024-10-11,,22,330.0,2026-07-03,29,659,0,600.942760942761,196,2,3,2,7,0,Mid Value,0.0,Low
629,2024-11-04,Europe,Paid Ads,Basic,15.0,Active,2024-11-04,,22,330.0,2026-07-27,5,635,0,600.942760942761,197,5,3,2,10,0,Mid Value,0.0,Low
754,2024-10-12,Europe,Paid Ads,Basic,15.0,Active,2024-10-12,,22,330.0,2026-07-04,28,658,0,600.942760942761,198,2,3,2,7,0,Mid Value,0.0,Low
913,2024-10-15,Europe,Organic Search,Basic,15.0,Active,2024-10-15,,22,330.0,2026-07-07,25,655,0,600.942760942761,199,2,3,2,7,0,Mid Value,0.0,Low
1003,2024-11-06,Europe,Organic Search,Basic,15.0,Active,2024-11-06,,22,330.0,2026-07-29,3,633,0,600.942760942761,200,5,3,2,10,0,Mid Value,0.0,Low
241,2024-11-20,Europe,Paid Ads,Basic,15.0,Active,2024-11-20,,21,315.0,2026-07-13,19,619,0,600.942760942761,201,3,3,2,8,0,Mid Value,0.0,Low
600,2024-12-05,Europe,Organic Search,Basic,15.0,Active,2024-12-05,,21,315.0,2026-07-28,4,604,0,600.942760942761,202,5,3,2,10,0,Mid Value,0.0,Low
648,2024-11-11,Europe,Paid Ads,Standard,35.0,Cancelled,2024-11-11,2025-07-28,9,315.0,2025-07-09,388,259,1,600.942760942761,203,2,1,2,5,1,Low Value,1.0,High
772,2024-11-16,Europe,Referral,Basic,15.0,Active,2024-11-16,,21,315.0,2026-07-09,23,623,0,600.942760942761,204,3,3,2,8,0,Mid Value,0.0,Low
802,2024-04-26,Europe,Organic Search,Standard,35.0,Cancelled,2024-04-26,2024-12-31,9,315.0,2024-12-22,587,249,1,600.942760942761,205,1,1,2,4,1,Low Value,1.0,High
949,2024-05-10,Europe,Referral,Standard,35.0,Cancelled,2024-05-10,2025-01-19,9,315.0,2025-01-05,573,254,1,600.942760942761,206,1,1,2,4,1,Low Value,1.0,High
976,2024-11-29,Europe,Organic Search,Basic,15.0,Active,2024-11-29,,21,315.0,2026-07-22,10,610,0,600.942760942761,207,4,3,2,9,0,Mid Value,0.0,Low
1100,2024-11-20,Europe,Paid Ads,Basic,15.0,Active,2024-11-20,,21,315.0,2026-07-13,19,619,0,600.942760942761,208,3,3,2,8,0,Mid Value,0.0,Low
259,2025-01-03,Europe,Referral,Basic,15.0,Active,2025-01-03,,20,300.0,2026-07-27,5,575,0,600.942760942761,209,5,3,2,10,0,Mid Value,0.0,Low
524,2024-12-24,Europe,Referral,Basic,15.0,Active,2024-12-24,,20,300.0,2026-07-17,15,585,0,600.942760942761,210,4,3,2,9,0,Mid Value,0.0,Low
555,2024-12-19,Europe,Social Media,Basic,15.0,Active,2024-12-19,,20,300.0,2026-07-12,20,590,0,600.942760942761,211,3,3,2,8,0,Mid Value,0.0,Low
588,2024-12-22,Europe,Paid Ads,Basic,15.0,Active,2024-12-22,,20,300.0,2026-07-15,17,587,0,600.942760942761,212,3,3,2,8,0,Mid Value,0.0,Low
617,2024-12-25,Europe,Referral,Basic,15.0,Active,2024-12-25,,20,300.0,2026-07-18,14,584,0,600.942760942761,213,4,3,2,9,0,Mid Value,0.0,Low
680,2024-12-10,Europe,Referral,Basic,15.0,Active,2024-12-10,,20,300.0,2026-07-03,29,599,0,600.942760942761,214,2,3,2,7,0,Mid Value,0.0,Low
829,2025-01-08,Europe,Social Media,Basic,15.0,Active,2025-01-08,,20,300.0,2026-08-01,0,570,0,600.942760942761,215,5,3,2,10,0,Mid Value,0.0,Low
888,2024-12-14,Europe,Paid Ads,Basic,15.0,Active,2024-12-14,,20,300.0,2026-07-07,25,595,0,600.942760942761,216,2,3,2,7,0,Mid Value,0.0,Low
927,2025-01-15,Europe,Social Media,Premium,75.0,Cancelled,2025-01-15,2025-04-23,4,300.0,2025-04-15,473,98,1,600.942760942761,217,1,1,2,4,1,Low Value,1.0,High
330,2025-01-22,Europe,Social Media,Basic,15.0,Active,2025-01-22,,19,285.0,2026-07-16,16,556,0,600.942760942761,218,4,3,2,9,0,Mid Value,0.0,Low
618,2025-01-24,Europe,Paid Ads,Basic,15.0,Active,2025-01-24,,19,285.0,2026-07-18,14,554,0,600.942760942761,219,4,3,2,9,0,Mid Value,0.0,Low
636,2025-02-07,Europe,Referral,Basic,15.0,Active,2025-02-07,,19,285.0,2026-08-01,0,540,0,600.942760942761,220,5,3,2,10,0,Mid Value,0.0,Low
963,2025-01-15,Europe,Paid Ads,Basic,15.0,Active,2025-01-15,,19,285.0,2026-07-09,23,563,0,600.942760942761,221,3,3,2,8,0,Mid Value,0.0,Low
935,2025-04-29,Europe,Referral,Standard,35.0,Cancelled,2025-04-29,2025-12-16,8,280.0,2025-11-25,249,231,1,600.942760942761,222,2,1,2,5,1,Low Value,1.0,High
1054,2024-06-05,Europe,Paid Ads,Standard,35.0,Cancelled,2024-06-05,2025-01-22,8,280.0,2025-01-01,577,231,1,600.942760942761,223,1,1,2,4,1,Low Value,1.0,High
1095,2025-03-10,Europe,Paid Ads,Standard,35.0,Cancelled,2025-03-10,2025-10-29,8,280.0,2025-10-06,299,233,1,600.942760942761,224,2,1,2,5,1,Low Value,1.0,High
782,2025-02-21,Europe,Organic Search,Basic,15.0,Active,2025-02-21,,18,270.0,2026-07-16,16,526,0,600.942760942761,225,4,3,2,9,0,Mid Value,0.0,Low
790,2025-02-25,Europe,Organic Search,Basic,15.0,Active,2025-02-25,,18,270.0,2026-07-20,12,522,0,600.942760942761,226,4,3,2,9,0,Mid Value,0.0,Low
889,2025-02-08,Europe,Paid Ads,Basic,15.0,Active,2025-02-08,,18,270.0,2026-07-03,29,539,0,600.942760942761,227,2,3,2,7,0,Mid Value,0.0,Low
954,2025-03-06,Europe,Paid Ads,Basic,15.0,Active,2025-03-06,,18,270.0,2026-07-29,3,513,0,600.942760942761,228,5,3,2,10,0,Mid Value,0.0,Low
1001,2025-02-09,Europe,Paid Ads,Basic,15.0,Active,2025-02-09,,18,270.0,2026-07-04,28,538,0,600.942760942761,229,2,3,2,7,0,Mid Value,0.0,Low
1052,2025-02-24,Europe,Organic Search,Basic,15.0,Active,2025-02-24,,18,270.0,2026-07-19,13,523,0,600.942760942761,230,4,3,2,9,0,Mid Value,0.0,Low
300,2025-03-22,Europe,Paid Ads,Basic,15.0,Active,2025-03-22,,17,255.0,2026-07-15,17,497,0,600.942760942761,231,3,2,2,7,0,Mid Value,0.0,Low
399,2025-03-10,Europe,Paid Ads,Basic,15.0,Active,2025-03-10,,17,255.0,2026-07-03,29,509,0,600.942760942761,232,2,2,2,6,0,Mid Value,0.0,Low
568,2025-03-23,Europe,Referral,Basic,15.0,Active,2025-03-23,,17,255.0,2026-07-16,16,496,0,600.942760942761,233,4,2,2,8,0,Mid Value,0.0,Low
999,2025-03-13,Europe,Referral,Basic,15.0,Active,2025-03-13,,17,255.0,2026-07-06,26,506,0,600.942760942761,234,2,2,2,6,0,Mid Value,0.0,Low
360,2025-04-14,Europe,Referral,Basic,15.0,Active,2025-04-14,,16,240.0,2026-07-08,24,474,0,600.942760942761,235,3,2,2,7,0,Mid Value,0.0,Low
820,2025-05-05,Europe,Paid Ads,Basic,15.0,Active,2025-05-05,,16,240.0,2026-07-29,3,453,0,600.942760942761,236,5,2,2,9,0,Mid Value,0.0,Low
956,2025-04-20,Europe,Organic Search,Basic,15.0,Active,2025-04-20,,16,240.0,2026-07-14,18,468,0,600.942760942761,237,3,2,2,7,0,Mid Value,0.0,Low
249,2025-05-13,Europe,Paid Ads,Basic,15.0,Active,2025-05-13,,15,225.0,2026-07-07,25,445,0,600.942760942761,238,2,2,2,6,0,Mid Value,0.0,Low
425,2025-03-13,Europe,Paid Ads,Premium,75.0,Cancelled,2025-03-13,2025-06-08,3,225.0,2025-05-12,446,87,1,600.942760942761,239,1,1,2,4,1,Low Value,1.0,High
605,2025-05-09,Europe,Organic Search,Basic,15.0,Active,2025-05-09,,15,225.0,2026-07-03,29,449,0,600.942760942761,240,2,2,2,6,0,Mid Value,0.0,Low
725,2025-04-02,Europe,Paid Ads,Premium,75.0,Cancelled,2025-04-02,2025-06-02,3,225.0,2025-06-01,426,61,1,600.942760942761,241,1,1,2,4,1,Low Value,1.0,High
589,2025-03-16,Europe,Paid Ads,Standard,35.0,Cancelled,2025-03-16,2025-09-03,6,210.0,2025-08-13,353,171,1,600.942760942761,242,2,1,2,5,1,Low Value,1.0,High
596,2024-07-17,Europe,Organic Search,Standard,35.0,Cancelled,2024-07-17,2025-01-06,6,210.0,2024-12-14,595,173,1,600.942760942761,243,1,1,2,4,1,Low Value,1.0,High
928,2024-01-26,Europe,Paid Ads,Basic,15.0,Cancelled,2024-01-26,2025-01-22,13,195.0,2025-01-20,558,362,1,600.942760942761,244,1,2,1,4,1,Low Value,1.0,High
283,2024-08-07,Europe,Referral,Basic,15.0,Cancelled,2024-08-07,2025-07-13,12,180.0,2025-07-03,394,340,1,600.942760942761,245,2,2,1,5,1,Low Value,1.0,High
638,2024-06-25,Europe,Paid Ads,Basic,15.0,Cancelled,2024-06-25,2025-06-07,12,180.0,2025-05-21,437,347,1,600.942760942761,246,1,2,1,4,1,Low Value,1.0,High
655,2025-04-02,Europe,Referral,Basic,15.0,Cancelled,2025-04-02,2026-03-20,12,180.0,2026-02-26,156,352,1,600.942760942761,247,2,2,1,5,0,Mid Value,1.0,High
656,2024-12-26,Europe,Organic Search,Standard,35.0,Cancelled,2024-12-26,2025-05-21,5,175.0,2025-04-25,463,146,1,600.942760942761,248,1,1,1,3,1,Low Value,1.0,High
203,2024-02-23,Europe,Paid Ads,Basic,15.0,Cancelled,2024-02-23,2024-12-29,11,165.0,2024-12-19,590,310,1,600.942760942761,249,1,2,1,4,1,Low Value,1.0,High
583,2024-02-08,Europe,Social Media,Basic,15.0,Cancelled,2024-02-08,2024-12-14,11,165.0,2024-12-04,605,310,1,600.942760942761,250,1,2,1,4,1,Low Value,1.0,High
602,2024-04-26,Europe,Paid Ads,Basic,15.0,Cancelled,2024-04-26,2025-03-16,11,165.0,2025-02-20,527,324,1,600.942760942761,251,1,2,1,4,1,Low Value,1.0,High
671,2025-03-03,Europe,Organic Search,Basic,15.0,Cancelled,2025-03-03,2026-01-08,11,165.0,2025-12-28,216,311,1,600.942760942761,252,2,2,1,5,1,Low Value,1.0,High
718,2025-01-09,Europe,Paid Ads,Basic,15.0,Cancelled,2025-01-09,2025-11-21,11,165.0,2025-11-05,269,316,1,600.942760942761,253,2,2,1,5,1,Low Value,1.0,High
732,2024-03-25,Europe,Paid Ads,Basic,15.0,Cancelled,2024-03-25,2025-02-05,11,165.0,2025-01-19,559,317,1,600.942760942761,254,1,2,1,4,1,Low Value,1.0,High
791,2024-04-25,Europe,Referral,Basic,15.0,Cancelled,2024-04-25,2025-02-24,11,165.0,2025-02-19,528,305,1,600.942760942761,255,1,2,1,4,1,Low Value,1.0,High
870,2024-01-24,Europe,Social Media,Basic,15.0,Cancelled,2024-01-24,2024-12-11,11,165.0,2024-11-19,620,322,1,600.942760942761,256,1,2,1,4,1,Low Value,1.0,High
1012,2024-08-24,Europe,Paid Ads,Basic,15.0,Cancelled,2024-08-24,2025-06-27,11,165.0,2025-06-20,407,307,1,600.942760942761,257,2,2,1,5,1,Low Value,1.0,High
1033,2025-02-26,Europe,Paid Ads,Basic,15.0,Cancelled,2025-02-26,2026-01-14,11,165.0,2025-12-23,221,322,1,600.942760942761,258,2,2,1,5,1,Low Value,1.0,High
647,2025-02-25,Europe,Organic Search,Basic,15.0,Cancelled,2025-02-25,2025-12-08,10,150.0,2025-11-22,252,286,1,600.942760942761,259,2,2,1,5,1,Low Value,1.0,High
713,2024-02-08,Europe,Referral,Basic,15.0,Cancelled,2024-02-08,2024-11-20,10,150.0,2024-11-04,635,286,1,600.942760942761,260,1,2,1,4,1,Low Value,1.0,High
265,2025-01-18,Europe,Paid Ads,Standard,35.0,Cancelled,2025-01-18,2025-05-03,4,140.0,2025-04-18,470,105,1,600.942760942761,261,1,1,1,3,1,Low Value,1.0,High
486,2024-11-05,Europe,Referral,Standard,35.0,Cancelled,2024-11-05,2025-02-23,4,140.0,2025-02-03,544,110,1,600.942760942761,262,1,1,1,3,1,Low Value,1.0,High
826,2024-04-14,Europe,Paid Ads,Standard,35.0,Cancelled,2024-04-14,2024-07-30,4,140.0,2024-07-13,749,107,1,600.942760942761,263,1,1,1,3,1,Low Value,1.0,High
1076,2024-12-24,Europe,Organic Search,Standard,35.0,Cancelled,2024-12-24,2025-03-31,4,140.0,2025-03-24,495,97,1,600.942760942761,264,1,1,1,3,1,Low Value,1.0,High
182,2024-12-05,Europe,Paid Ads,Basic,15.0,Cancelled,2024-12-05,2025-08-31,9,135.0,2025-08-02,364,269,1,600.942760942761,265,2,1,1,4,1,Low Value,1.0,High
455,2024-03-18,Europe,Social Media,Basic,15.0,Cancelled,2024-03-18,2024-12-06,9,135.0,2024-11-13,626,263,1,600.942760942761,266,1,1,1,3,1,Low Value,1.0,High
381,2025-02-10,Europe,Organic Search,Basic,15.0,Cancelled,2025-02-10,2025-09-21,8,120.0,2025-09-08,327,223,1,600.942760942761,267,2,1,1,4,1,Low Value,1.0,High
412,2024-10-25,Europe,Social Media,Basic,15.0,Cancelled,2024-10-25,2025-06-11,8,120.0,2025-05-23,435,229,1,600.942760942761,268,1,1,1,3,1,Low Value,1.0,High
522,2024-07-03,Europe,Organic Search,Basic,15.0,Cancelled,2024-07-03,2025-02-09,8,120.0,2025-01-29,549,221,1,600.942760942761,269,1,1,1,3,1,Low Value,1.0,High
750,2025-02-03,Europe,Referral,Basic,15.0,Cancelled,2025-02-03,2025-09-10,8,120.0,2025-09-01,334,219,1,600.942760942761,270,2,1,1,4,1,Low Value,1.0,High
855,2024-08-18,Europe,Referral,Basic,15.0,Cancelled,2024-08-18,2025-03-27,8,120.0,2025-03-16,503,221,1,600.942760942761,271,1,1,1,3,1,Low Value,1.0,High
973,2024-08-06,Europe,Organic Search,Basic,15.0,Cancelled,2024-08-06,2025-03-11,8,120.0,2025-03-04,515,217,1,600.942760942761,272,1,1,1,3,1,Low Value,1.0,High
1082,2024-01-05,Europe,Paid Ads,Basic,15.0,Cancelled,2024-01-05,2024-08-03,8,120.0,2024-08-02,729,211,1,600.942760942761,273,1,1,1,3,1,Low Value,1.0,High
113,2024-11-02,Europe,Paid Ads,Basic,15.0,Cancelled,2024-11-02,2025-05-03,7,105.0,2025-05-01,457,182,1,600.942760942761,274,1,1,1,3,1,Low Value,1.0,High
138,2024-01-05,Europe,Referral,Standard,35.0,Cancelled,2024-01-05,2024-03-13,3,105.0,2024-03-05,879,68,1,600.942760942761,275,1,1,1,3,1,Low Value,1.0,High
392,2024-12-04,Europe,Paid Ads,Basic,15.0,Cancelled,2024-12-04,2025-06-19,7,105.0,2025-06-02,425,197,1,600.942760942761,276,1,1,1,3,1,Low Value,1.0,High
470,2024-08-24,Europe,Organic Search,Basic,15.0,Cancelled,2024-08-24,2025-03-03,7,105.0,2025-02-20,527,191,1,600.942760942761,277,1,1,1,3,1,Low Value,1.0,High
481,2024-07-08,Europe,Organic Search,Basic,15.0,Cancelled,2024-07-08,2025-01-28,7,105.0,2025-01-04,574,204,1,600.942760942761,278,1,1,1,3,1,Low Value,1.0,High
666,2024-06-09,Europe,Organic Search,Basic,15.0,Cancelled,2024-06-09,2025-01-02,7,105.0,2024-12-06,603,207,1,600.942760942761,279,1,1,1,3,1,Low Value,1.0,High
982,2025-01-09,Europe,Paid Ads,Basic,15.0,Cancelled,2025-01-09,2025-07-26,7,105.0,2025-07-08,389,198,1,600.942760942761,280,2,1,1,4,1,Low Value,1.0,High
152,2024-07-16,Europe,Paid Ads,Basic,15.0,Cancelled,2024-07-16,2024-12-28,6,90.0,2024-12-13,596,165,1,600.942760942761,281,1,1,1,3,1,Low Value,1.0,High
464,2024-10-19,Europe,Paid Ads,Basic,15.0,Cancelled,2024-10-19,2025-03-24,6,90.0,2025-03-18,501,156,1,600.942760942761,282,1,1,1,3,1,Low Value,1.0,High
676,2024-06-23,Europe,Social Media,Basic,15.0,Cancelled,2024-06-23,2024-12-09,6,90.0,2024-11-20,619,169,1,600.942760942761,283,1,1,1,3,1,Low Value,1.0,High
835,2024-07-31,Europe,Paid Ads,Basic,15.0,Cancelled,2024-07-31,2024-12-30,6,90.0,2024-12-28,581,152,1,600.942760942761,284,1,1,1,3,1,Low Value,1.0,High
876,2024-04-22,Europe,Organic Search,Basic,15.0,Cancelled,2024-04-22,2024-09-25,6,90.0,2024-09-19,681,156,1,600.942760942761,285,1,1,1,3,1,Low Value,1.0,High
155,2024-04-05,Europe,Paid Ads,Basic,15.0,Cancelled,2024-04-05,2024-08-06,5,75.0,2024-08-03,728,123,1,600.942760942761,286,1,1,1,3,1,Low Value,1.0,High
914,2024-12-19,Europe,Paid Ads,Basic,15.0,Cancelled,2024-12-19,2025-04-26,5,75.0,2025-04-18,470,128,1,600.942760942761,287,1,1,1,3,1,Low Value,1.0,High
332,2024-02-03,Europe,Paid Ads,Standard,35.0,Cancelled,2024-02-03,2024-03-31,2,70.0,2024-03-04,880,57,1,600.942760942761,288,1,1,1,3,1,Low Value,1.0,High
730,2024-03-18,Europe,Organic Search,Standard,35.0,Cancelled,2024-03-18,2024-05-11,2,70.0,2024-04-17,836,54,1,600.942760942761,289,1,1,1,3,1,Low Value,1.0,High
1067,2024-05-13,Europe,Social Media,Standard,35.0,Cancelled,2024-05-13,2024-07-09,2,70.0,2024-06-12,780,57,1,600.942760942761,290,1,1,1,3,1,Low Value,1.0,High
185,2024-06-11,Europe,Organic Search,Basic,15.0,Cancelled,2024-06-11,2024-09-26,4,60.0,2024-09-09,691,107,1,600.942760942761,291,1,1,1,3,1,Low Value,1.0,High
756,2024-09-28,Europe,Organic Search,Basic,15.0,Cancelled,2024-09-28,2025-01-17,4,60.0,2024-12-27,582,111,1,600.942760942761,292,1,1,1,3,1,Low Value,1.0,High
778,2024-01-31,Europe,Paid Ads,Basic,15.0,Cancelled,2024-01-31,2024-05-12,4,60.0,2024-04-30,823,102,1,600.942760942761,293,1,1,1,3,1,Low Value,1.0,High
236,2025-04-18,Europe,Paid Ads,Basic,15.0,Cancelled,2025-04-18,2025-06-20,3,45.0,2025-06-17,410,63,1,600.942760942761,294,2,1,1,4,1,Low Value,1.0,High
255,2025-01-28,Europe,Paid Ads,Basic,15.0,Cancelled,2025-01-28,2025-03-29,3,45.0,2025-03-29,490,60,1,600.942760942761,295,1,1,1,3,1,Low Value,1.0,High
998,2024-10-27,Europe,Organic Search,Basic,15.0,Cancelled,2024-10-27,2025-01-18,3,45.0,2024-12-26,583,83,1,600.942760942761,296,1,1,1,3,1,Low Value,1.0,High
593,2024-07-26,Europe,Organic Search,Basic,15.0,Cancelled,2024-07-26,2024-09-11,2,30.0,2024-08-25,706,47,1,600.942760942761,297,1,1,1,3,1,Low Value,1.0,High
852,2024-01-03,Latin America,Organic Search,Premium,75.0,Active,2024-01-03,,32,2400.0,2026-07-21,11,941,0,552.2115384615385,1,4,5,5,14,2,VIP,0.0,Low
137,2024-04-10,Latin America,Social Media,Premium,75.0,Active,2024-04-10,,29,2175.0,2026-07-29,3,843,0,552.2115384615385,2,5,5,5,15,2,VIP,0.0,Low
291,2024-05-26,Latin America,Paid Ads,Premium,75.0,Active,2024-05-26,,27,2025.0,2026-07-15,17,797,0,552.2115384615385,3,3,4,5,12,2,VIP,0.0,Low
1048,2024-06-20,Latin America,Paid Ads,Premium,75.0,Active,2024-06-20,,26,1950.0,2026-07-10,22,772,0,552.2115384615385,4,3,4,5,12,2,VIP,0.0,Low
256,2024-08-14,Latin America,Paid Ads,Premium,75.0,Active,2024-08-14,,24,1800.0,2026-07-05,27,717,0,552.2115384615385,5,2,4,5,11,2,VIP,0.0,Low
705,2024-10-18,Latin America,Organic Search,Premium,75.0,Active,2024-10-18,,22,1650.0,2026-07-10,22,652,0,552.2115384615385,6,3,3,5,11,2,VIP,0.0,Low
1096,2025-01-25,Latin America,Organic Search,Premium,75.0,Active,2025-01-25,,19,1425.0,2026-07-19,13,553,0,552.2115384615385,7,4,3,5,12,2,VIP,0.0,Low
715,2025-03-15,Latin America,Paid Ads,Premium,75.0,Active,2025-03-15,,17,1275.0,2026-07-08,24,504,0,552.2115384615385,8,3,2,5,10,2,VIP,0.0,Low
229,2025-05-02,Latin America,Paid Ads,Premium,75.0,Active,2025-05-02,,16,1200.0,2026-07-26,6,456,0,552.2115384615385,9,5,2,5,12,2,VIP,0.0,Low
461,2024-01-02,Latin America,Paid Ads,Standard,35.0,Active,2024-01-02,,32,1120.0,2026-07-20,12,942,0,552.2115384615385,10,4,5,5,14,3,High Value,0.0,Low
144,2024-02-05,Latin America,Paid Ads,Standard,35.0,Active,2024-02-05,,31,1085.0,2026-07-24,8,908,0,552.2115384615385,11,5,5,5,15,3,High Value,0.0,Low
196,2024-01-17,Latin America,Paid Ads,Standard,35.0,Active,2024-01-17,,31,1085.0,2026-07-05,27,927,0,552.2115384615385,12,2,5,5,12,3,High Value,0.0,Low
894,2024-01-31,Latin America,Paid Ads,Standard,35.0,Active,2024-01-31,,31,1085.0,2026-07-19,13,913,0,552.2115384615385,13,4,5,5,14,3,High Value,0.0,Low
215,2024-03-03,Latin America,Social Media,Standard,35.0,Active,2024-03-03,,30,1050.0,2026-07-21,11,881,0,552.2115384615385,14,4,5,5,14,3,High Value,0.0,Low
534,2024-03-12,Latin America,Paid Ads,Standard,35.0,Active,2024-03-12,,30,1050.0,2026-07-30,2,872,0,552.2115384615385,15,5,5,5,15,3,High Value,0.0,Low
1061,2024-03-07,Latin America,Paid Ads,Standard,35.0,Active,2024-03-07,,30,1050.0,2026-07-25,7,877,0,552.2115384615385,16,5,5,5,15,3,High Value,0.0,Low
269,2024-04-18,Latin America,Social Media,Standard,35.0,Active,2024-04-18,,28,980.0,2026-07-07,25,835,0,552.2115384615385,17,2,5,5,12,3,High Value,0.0,Low
834,2024-04-23,Latin America,Organic Search,Standard,35.0,Active,2024-04-23,,28,980.0,2026-07-12,20,830,0,552.2115384615385,18,3,5,5,13,3,High Value,0.0,Low
681,2024-05-26,Latin America,Social Media,Standard,35.0,Active,2024-05-26,,27,945.0,2026-07-15,17,797,0,552.2115384615385,19,3,4,5,12,3,High Value,0.0,Low
657,2024-06-19,Latin America,Organic Search,Standard,35.0,Active,2024-06-19,,26,910.0,2026-07-09,23,773,0,552.2115384615385,20,3,4,5,12,3,High Value,0.0,Low
907,2024-06-13,Latin America,Organic Search,Standard,35.0,Active,2024-06-13,,26,910.0,2026-07-03,29,779,0,552.2115384615385,21,2,4,5,11,3,High Value,0.0,Low
573,2024-08-29,Latin America,Organic Search,Standard,35.0,Active,2024-08-29,,24,840.0,2026-07-20,12,702,0,552.2115384615385,22,4,4,4,12,3,High Value,0.0,Low
114,2024-09-30,Latin America,Social Media,Standard,35.0,Active,2024-09-30,,23,805.0,2026-07-22,10,670,0,552.2115384615385,23,4,4,4,12,3,High Value,0.0,Low
620,2024-09-20,Latin America,Paid Ads,Standard,35.0,Active,2024-09-20,,23,805.0,2026-07-12,20,680,0,552.2115384615385,24,3,4,4,11,3,High Value,0.0,Low
838,2024-09-24,Latin America,Organic Search,Standard,35.0,Active,2024-09-24,,23,805.0,2026-07-16,16,676,0,552.2115384615385,25,4,4,4,12,3,High Value,0.0,Low
669,2024-11-01,Latin America,Paid Ads,Standard,35.0,Active,2024-11-01,,22,770.0,2026-07-24,8,638,0,552.2115384615385,26,5,3,4,12,3,High Value,0.0,Low
1017,2024-11-05,Latin America,Paid Ads,Standard,35.0,Active,2024-11-05,,22,770.0,2026-07-28,4,634,0,552.2115384615385,27,5,3,4,12,3,High Value,0.0,Low
375,2024-11-21,Latin America,Referral,Standard,35.0,Active,2024-11-21,,21,735.0,2026-07-14,18,618,0,552.2115384615385,28,3,3,4,10,0,Mid Value,0.0,Low
299,2024-12-22,Latin America,Social Media,Standard,35.0,Active,2024-12-22,,20,700.0,2026-07-15,17,587,0,552.2115384615385,29,3,3,4,10,0,Mid Value,0.0,Low
418,2024-12-21,Latin America,Referral,Standard,35.0,Active,2024-12-21,,20,700.0,2026-07-14,18,588,0,552.2115384615385,30,3,3,4,10,0,Mid Value,0.0,Low
939,2024-12-30,Latin America,Organic Search,Standard,35.0,Active,2024-12-30,,20,700.0,2026-07-23,9,579,0,552.2115384615385,31,4,3,4,11,0,Mid Value,0.0,Low
227,2024-02-27,Latin America,Paid Ads,Premium,75.0,Cancelled,2024-02-27,2024-11-20,9,675.0,2024-10-24,646,267,1,552.2115384615385,32,1,1,4,6,1,Low Value,1.0,High
173,2025-03-09,Latin America,Social Media,Standard,35.0,Active,2025-03-09,,18,630.0,2026-08-01,0,510,0,552.2115384615385,33,5,3,4,12,0,Mid Value,0.0,Low
403,2025-02-23,Latin America,Referral,Standard,35.0,Active,2025-02-23,,18,630.0,2026-07-18,14,524,0,552.2115384615385,34,4,3,4,11,0,Mid Value,0.0,Low
990,2025-02-28,Latin America,Paid Ads,Standard,35.0,Active,2025-02-28,,18,630.0,2026-07-23,9,519,0,552.2115384615385,35,4,3,4,11,0,Mid Value,0.0,Low
290,2024-07-21,Latin America,Organic Search,Premium,75.0,Cancelled,2024-07-21,2025-03-04,8,600.0,2025-02-16,531,226,1,552.2115384615385,36,1,1,4,6,1,Low Value,1.0,High
784,2025-04-07,Latin America,Organic Search,Standard,35.0,Active,2025-04-07,,17,595.0,2026-07-31,1,481,0,552.2115384615385,37,5,2,4,11,0,Mid Value,0.0,Low
897,2025-03-14,Latin America,Organic Search,Standard,35.0,Active,2025-03-14,,17,595.0,2026-07-07,25,505,0,552.2115384615385,38,2,2,4,8,0,Mid Value,0.0,Low
219,2025-05-06,Latin America,Paid Ads,Standard,35.0,Active,2025-05-06,,16,560.0,2026-07-30,2,452,0,552.2115384615385,39,5,2,4,11,0,Mid Value,0.0,Low
328,2025-04-16,Latin America,Organic Search,Standard,35.0,Active,2025-04-16,,16,560.0,2026-07-10,22,472,0,552.2115384615385,40,3,2,4,9,0,Mid Value,0.0,Low
769,2025-04-10,Latin America,Paid Ads,Standard,35.0,Active,2025-04-10,,16,560.0,2026-07-04,28,478,0,552.2115384615385,41,2,2,4,8,0,Mid Value,0.0,Low
413,2024-09-10,Latin America,Paid Ads,Premium,75.0,Cancelled,2024-09-10,2025-03-23,7,525.0,2025-03-09,510,194,1,552.2115384615385,42,1,1,4,6,1,Low Value,1.0,High
176,2024-01-02,Latin America,Social Media,Basic,15.0,Active,2024-01-02,,32,480.0,2026-07-20,12,942,0,552.2115384615385,43,4,5,4,13,3,High Value,0.0,Low
118,2024-02-04,Latin America,Organic Search,Basic,15.0,Active,2024-02-04,,31,465.0,2026-07-23,9,909,0,552.2115384615385,44,4,5,4,13,3,High Value,0.0,Low
197,2024-02-15,Latin America,Paid Ads,Basic,15.0,Active,2024-02-15,,30,450.0,2026-07-04,28,898,0,552.2115384615385,45,2,5,3,10,3,High Value,0.0,Low
199,2024-10-28,Latin America,Social Media,Premium,75.0,Cancelled,2024-10-28,2025-04-10,6,450.0,2025-03-27,492,164,1,552.2115384615385,46,1,1,3,5,1,Low Value,1.0,High
684,2024-03-03,Latin America,Paid Ads,Basic,15.0,Active,2024-03-03,,30,450.0,2026-07-21,11,881,0,552.2115384615385,47,4,5,3,12,3,High Value,0.0,Low
429,2024-03-30,Latin America,Paid Ads,Basic,15.0,Active,2024-03-30,,29,435.0,2026-07-18,14,854,0,552.2115384615385,48,4,5,3,12,3,High Value,0.0,Low
776,2024-03-19,Latin America,Paid Ads,Basic,15.0,Active,2024-03-19,,29,435.0,2026-07-07,25,865,0,552.2115384615385,49,2,5,3,10,3,High Value,0.0,Low
158,2024-04-22,Latin America,Organic Search,Basic,15.0,Active,2024-04-22,,28,420.0,2026-07-11,21,831,0,552.2115384615385,50,3,5,3,11,3,High Value,0.0,Low
806,2024-04-22,Latin America,Referral,Basic,15.0,Active,2024-04-22,,28,420.0,2026-07-11,21,831,0,552.2115384615385,51,3,5,3,11,3,High Value,0.0,Low
258,2024-05-30,Latin America,Social Media,Basic,15.0,Active,2024-05-30,,27,405.0,2026-07-19,13,793,0,552.2115384615385,52,4,4,3,11,3,High Value,0.0,Low
278,2024-05-24,Latin America,Social Media,Basic,15.0,Active,2024-05-24,,27,405.0,2026-07-13,19,799,0,552.2115384615385,53,3,4,3,10,3,High Value,0.0,Low
597,2024-06-29,Latin America,Social Media,Basic,15.0,Active,2024-06-29,,26,390.0,2026-07-19,13,763,0,552.2115384615385,54,4,4,3,11,3,High Value,0.0,Low
721,2024-06-18,Latin America,Paid Ads,Basic,15.0,Active,2024-06-18,,26,390.0,2026-07-08,24,774,0,552.2115384615385,55,3,4,3,10,3,High Value,0.0,Low
156,2024-11-13,Latin America,Social Media,Standard,35.0,Cancelled,2024-11-13,2025-09-17,11,385.0,2025-09-09,326,308,1,552.2115384615385,56,2,2,3,7,1,Low Value,1.0,High
586,2024-07-13,Latin America,Organic Search,Basic,15.0,Active,2024-07-13,,25,375.0,2026-07-03,29,749,0,552.2115384615385,57,2,4,3,9,0,Mid Value,0.0,Low
881,2024-07-16,Latin America,Referral,Basic,15.0,Active,2024-07-16,,25,375.0,2026-07-06,26,746,0,552.2115384615385,58,2,4,3,9,0,Mid Value,0.0,Low
198,2024-08-20,Latin America,Paid Ads,Basic,15.0,Active,2024-08-20,,24,360.0,2026-07-11,21,711,0,552.2115384615385,59,3,4,3,10,0,Mid Value,0.0,Low
561,2024-08-22,Latin America,Paid Ads,Basic,15.0,Active,2024-08-22,,24,360.0,2026-07-13,19,709,0,552.2115384615385,60,3,4,3,10,0,Mid Value,0.0,Low
979,2024-04-19,Latin America,Referral,Standard,35.0,Cancelled,2024-04-19,2025-02-05,10,350.0,2025-01-14,564,292,1,552.2115384615385,61,1,2,3,6,1,Low Value,1.0,High
878,2024-10-29,Latin America,Social Media,Basic,15.0,Active,2024-10-29,,22,330.0,2026-07-21,11,641,0,552.2115384615385,62,4,3,2,9,0,Mid Value,0.0,Low
295,2024-11-25,Latin America,Social Media,Basic,15.0,Active,2024-11-25,,21,315.0,2026-07-18,14,614,0,552.2115384615385,63,4,3,2,9,0,Mid Value,0.0,Low
842,2024-05-29,Latin America,Social Media,Standard,35.0,Cancelled,2024-05-29,2025-02-10,9,315.0,2025-01-24,554,257,1,552.2115384615385,64,1,2,2,5,1,Low Value,1.0,High
901,2024-12-03,Latin America,Organic Search,Basic,15.0,Active,2024-12-03,,21,315.0,2026-07-26,6,606,0,552.2115384615385,65,5,3,2,10,0,Mid Value,0.0,Low
559,2024-12-10,Latin America,Organic Search,Basic,15.0,Active,2024-12-10,,20,300.0,2026-07-03,29,599,0,552.2115384615385,66,2,3,2,7,0,Mid Value,0.0,Low
263,2025-01-30,Latin America,Social Media,Basic,15.0,Active,2025-01-30,,19,285.0,2026-07-24,8,548,0,552.2115384615385,67,5,3,2,10,0,Mid Value,0.0,Low
302,2025-01-31,Latin America,Social Media,Basic,15.0,Active,2025-01-31,,19,285.0,2026-07-25,7,547,0,552.2115384615385,68,5,3,2,10,0,Mid Value,0.0,Low
807,2025-01-27,Latin America,Social Media,Basic,15.0,Active,2025-01-27,,19,285.0,2026-07-21,11,551,0,552.2115384615385,69,4,3,2,9,0,Mid Value,0.0,Low
551,2025-03-29,Latin America,Organic Search,Standard,35.0,Cancelled,2025-03-29,2025-11-03,8,280.0,2025-10-25,280,219,1,552.2115384615385,70,2,1,2,5,1,Low Value,1.0,High
731,2025-02-12,Latin America,Organic Search,Basic,15.0,Active,2025-02-12,,18,270.0,2026-07-07,25,535,0,552.2115384615385,71,2,3,2,7,0,Mid Value,0.0,Low
905,2025-03-07,Latin America,Organic Search,Basic,15.0,Active,2025-03-07,,18,270.0,2026-07-30,2,512,0,552.2115384615385,72,5,3,2,10,0,Mid Value,0.0,Low
324,2025-03-10,Latin America,Paid Ads,Basic,15.0,Active,2025-03-10,,17,255.0,2026-07-03,29,509,0,552.2115384615385,73,2,2,2,6,0,Mid Value,0.0,Low
436,2025-03-30,Latin America,Paid Ads,Basic,15.0,Active,2025-03-30,,17,255.0,2026-07-23,9,489,0,552.2115384615385,74,4,2,2,8,0,Mid Value,0.0,Low
472,2025-03-17,Latin America,Referral,Basic,15.0,Active,2025-03-17,,17,255.0,2026-07-10,22,502,0,552.2115384615385,75,3,2,2,7,0,Mid Value,0.0,Low
253,2025-05-07,Latin America,Organic Search,Basic,15.0,Active,2025-05-07,,16,240.0,2026-07-31,1,451,0,552.2115384615385,76,5,2,2,9,0,Mid Value,0.0,Low
1005,2025-05-06,Latin America,Paid Ads,Basic,15.0,Active,2025-05-06,,16,240.0,2026-07-30,2,452,0,552.2115384615385,77,5,2,2,9,0,Mid Value,0.0,Low
1021,2025-05-08,Latin America,Organic Search,Basic,15.0,Active,2025-05-08,,16,240.0,2026-08-01,0,450,0,552.2115384615385,78,5,2,2,9,0,Mid Value,0.0,Low
338,2024-04-02,Latin America,Paid Ads,Basic,15.0,Cancelled,2024-04-02,2025-03-06,12,180.0,2025-02-26,521,338,1,552.2115384615385,79,1,2,1,4,1,Low Value,1.0,High
422,2024-08-01,Latin America,Organic Search,Basic,15.0,Cancelled,2024-08-01,2025-07-03,12,180.0,2025-06-27,400,336,1,552.2115384615385,80,2,2,1,5,1,Low Value,1.0,High
519,2024-09-30,Latin America,Referral,Basic,15.0,Cancelled,2024-09-30,2025-08-27,12,180.0,2025-08-26,340,331,1,552.2115384615385,81,2,2,1,5,1,Low Value,1.0,High
570,2024-08-20,Latin America,Paid Ads,Standard,35.0,Cancelled,2024-08-20,2025-01-12,5,175.0,2024-12-18,591,145,1,552.2115384615385,82,1,1,1,3,1,Low Value,1.0,High
537,2024-08-28,Latin America,Social Media,Basic,15.0,Cancelled,2024-08-28,2025-07-12,11,165.0,2025-06-24,403,318,1,552.2115384615385,83,2,2,1,5,1,Low Value,1.0,High
698,2025-03-29,Latin America,Social Media,Basic,15.0,Cancelled,2025-03-29,2026-01-03,10,150.0,2025-12-24,220,280,1,552.2115384615385,84,2,2,1,5,1,Low Value,1.0,High
631,2024-02-06,Latin America,Social Media,Basic,15.0,Cancelled,2024-02-06,2024-09-08,8,120.0,2024-09-03,697,215,1,552.2115384615385,85,1,1,1,3,1,Low Value,1.0,High
637,2025-01-16,Latin America,Organic Search,Basic,15.0,Cancelled,2025-01-16,2025-09-03,8,120.0,2025-08-14,352,230,1,552.2115384615385,86,2,1,1,4,1,Low Value,1.0,High
818,2024-12-31,Latin America,Social Media,Basic,15.0,Cancelled,2024-12-31,2025-08-03,8,120.0,2025-07-29,368,215,1,552.2115384615385,87,2,1,1,4,1,Low Value,1.0,High
970,2024-05-21,Latin America,Organic Search,Basic,15.0,Cancelled,2024-05-21,2024-12-20,8,120.0,2024-12-17,592,213,1,552.2115384615385,88,1,1,1,3,1,Low Value,1.0,High
222,2024-05-23,Latin America,Paid Ads,Standard,35.0,Cancelled,2024-05-23,2024-07-26,3,105.0,2024-07-22,740,64,1,552.2115384615385,89,1,1,1,3,1,Low Value,1.0,High
910,2025-01-18,Latin America,Organic Search,Standard,35.0,Cancelled,2025-01-18,2025-04-05,3,105.0,2025-03-19,500,77,1,552.2115384615385,90,1,1,1,3,1,Low Value,1.0,High
1094,2025-03-12,Latin America,Paid Ads,Basic,15.0,Cancelled,2025-03-12,2025-09-24,7,105.0,2025-09-08,327,196,1,552.2115384615385,91,2,1,1,4,1,Low Value,1.0,High
952,2025-01-06,Latin America,Organic Search,Basic,15.0,Cancelled,2025-01-06,2025-06-08,6,90.0,2025-06-05,422,153,1,552.2115384615385,92,1,1,1,3,1,Low Value,1.0,High
177,2025-03-28,Latin America,Paid Ads,Basic,15.0,Cancelled,2025-03-28,2025-08-08,5,75.0,2025-07-26,371,133,1,552.2115384615385,93,2,1,1,4,1,Low Value,1.0,High
572,2024-10-04,Latin America,Referral,Basic,15.0,Cancelled,2024-10-04,2025-02-16,5,75.0,2025-02-01,546,135,1,552.2115384615385,94,1,1,1,3,1,Low Value,1.0,High
1065,2025-03-01,Latin America,Organic Search,Basic,15.0,Cancelled,2025-03-01,2025-07-26,5,75.0,2025-06-29,398,147,1,552.2115384615385,95,2,1,1,4,1,Low Value,1.0,High
154,2024-05-31,Latin America,Paid Ads,Standard,35.0,Cancelled,2024-05-31,2024-07-07,2,70.0,2024-06-30,762,37,1,552.2115384615385,96,1,1,1,3,1,Low Value,1.0,High
288,2024-02-13,Latin America,Paid Ads,Basic,15.0,Cancelled,2024-02-13,2024-06-08,4,60.0,2024-05-13,810,116,1,552.2115384615385,97,1,1,1,3,1,Low Value,1.0,High
423,2024-04-10,Latin America,Social Media,Basic,15.0,Cancelled,2024-04-10,2024-07-28,4,60.0,2024-07-09,753,109,1,552.2115384615385,98,1,1,1,3,1,Low Value,1.0,High
387,2025-01-10,Latin America,Organic Search,Basic,15.0,Cancelled,2025-01-10,2025-04-03,3,45.0,2025-03-11,508,83,1,552.2115384615385,99,1,1,1,3,1,Low Value,1.0,High
503,2025-05-03,Latin America,Organic Search,Basic,15.0,Cancelled,2025-05-03,2025-07-28,3,45.0,2025-07-02,395,86,1,552.2115384615385,100,2,1,1,4,1,Low Value,1.0,High
531,2024-07-16,Latin America,Social Media,Basic,15.0,Cancelled,2024-07-16,2024-10-01,3,45.0,2024-09-14,686,77,1,552.2115384615385,101,1,1,1,3,1,Low Value,1.0,High
386,2025-03-19,Latin America,Organic Search,Basic,15.0,Cancelled,2025-03-19,2025-05-07,2,30.0,2025-04-18,470,49,1,552.2115384615385,102,1,1,1,3,1,Low Value,1.0,High
507,2025-01-05,Latin America,Social Media,Basic,15.0,Cancelled,2025-01-05,2025-02-05,2,30.0,2025-02-04,543,31,1,552.2115384615385,103,1,1,1,3,1,Low Value,1.0,High
1006,2025-03-14,Latin America,Organic Search,Basic,15.0,Cancelled,2025-03-14,2025-04-16,2,30.0,2025-04-13,475,33,1,552.2115384615385,104,1,1,1,3,1,Low Value,1.0,High
624,2024-01-03,North America,Organic Search,Premium,75.0,Active,2024-01-03,,32,2400.0,2026-07-21,11,941,0,570.7936507936508,1,4,5,5,14,2,VIP,0.0,Low
991,2024-01-16,North America,Referral,Premium,75.0,Active,2024-01-16,,31,2325.0,2026-07-04,28,928,0,570.7936507936508,2,2,5,5,12,2,VIP,0.0,Low
308,2024-03-03,North America,Social Media,Premium,75.0,Active,2024-03-03,,30,2250.0,2026-07-21,11,881,0,570.7936507936508,3,4,5,5,14,2,VIP,0.0,Low
339,2024-02-20,North America,Organic Search,Premium,75.0,Active,2024-02-20,,30,2250.0,2026-07-09,23,893,0,570.7936507936508,4,3,5,5,13,2,VIP,0.0,Low
1074,2024-02-20,North America,Paid Ads,Premium,75.0,Active,2024-02-20,,30,2250.0,2026-07-09,23,893,0,570.7936507936508,5,3,5,5,13,2,VIP,0.0,Low
251,2024-03-30,North America,Organic Search,Premium,75.0,Active,2024-03-30,,29,2175.0,2026-07-18,14,854,0,570.7936507936508,6,4,5,5,14,2,VIP,0.0,Low
930,2024-04-06,North America,Referral,Premium,75.0,Active,2024-04-06,,29,2175.0,2026-07-25,7,847,0,570.7936507936508,7,5,5,5,15,2,VIP,0.0,Low
366,2024-04-21,North America,Organic Search,Premium,75.0,Active,2024-04-21,,28,2100.0,2026-07-10,22,832,0,570.7936507936508,8,3,5,5,13,2,VIP,0.0,Low
877,2024-04-25,North America,Social Media,Premium,75.0,Active,2024-04-25,,28,2100.0,2026-07-14,18,828,0,570.7936507936508,9,3,5,5,13,2,VIP,0.0,Low
722,2024-06-02,North America,Paid Ads,Premium,75.0,Active,2024-06-02,,27,2025.0,2026-07-22,10,790,0,570.7936507936508,10,4,4,5,13,2,VIP,0.0,Low
871,2024-06-07,North America,Paid Ads,Premium,75.0,Active,2024-06-07,,27,2025.0,2026-07-27,5,785,0,570.7936507936508,11,5,4,5,14,2,VIP,0.0,Low
1062,2024-06-03,North America,Social Media,Premium,75.0,Active,2024-06-03,,27,2025.0,2026-07-23,9,789,0,570.7936507936508,12,4,4,5,13,2,VIP,0.0,Low
298,2024-07-04,North America,Organic Search,Premium,75.0,Active,2024-07-04,,26,1950.0,2026-07-24,8,758,0,570.7936507936508,13,5,4,5,14,2,VIP,0.0,Low
438,2024-07-07,North America,Organic Search,Premium,75.0,Active,2024-07-07,,26,1950.0,2026-07-27,5,755,0,570.7936507936508,14,5,4,5,14,2,VIP,0.0,Low
719,2024-08-07,North America,Organic Search,Premium,75.0,Active,2024-08-07,,25,1875.0,2026-07-28,4,724,0,570.7936507936508,15,5,4,5,14,2,VIP,0.0,Low
744,2024-08-02,North America,Paid Ads,Premium,75.0,Active,2024-08-02,,25,1875.0,2026-07-23,9,729,0,570.7936507936508,16,4,4,5,13,2,VIP,0.0,Low
926,2024-08-01,North America,Organic Search,Premium,75.0,Active,2024-08-01,,25,1875.0,2026-07-22,10,730,0,570.7936507936508,17,4,4,5,13,2,VIP,0.0,Low
937,2024-07-28,North America,Referral,Premium,75.0,Active,2024-07-28,,25,1875.0,2026-07-18,14,734,0,570.7936507936508,18,4,4,5,13,2,VIP,0.0,Low
758,2024-08-24,North America,Organic Search,Premium,75.0,Active,2024-08-24,,24,1800.0,2026-07-15,17,707,0,570.7936507936508,19,3,4,5,12,2,VIP,0.0,Low
331,2024-09-29,North America,Paid Ads,Premium,75.0,Active,2024-09-29,,23,1725.0,2026-07-21,11,671,0,570.7936507936508,20,4,4,5,13,2,VIP,0.0,Low
454,2024-09-20,North America,Organic Search,Premium,75.0,Active,2024-09-20,,23,1725.0,2026-07-12,20,680,0,570.7936507936508,21,3,4,5,12,2,VIP,0.0,Low
496,2024-10-01,North America,Social Media,Premium,75.0,Active,2024-10-01,,23,1725.0,2026-07-23,9,669,0,570.7936507936508,22,4,4,5,13,2,VIP,0.0,Low
674,2024-12-06,North America,Referral,Premium,75.0,Active,2024-12-06,,21,1575.0,2026-07-29,3,603,0,570.7936507936508,23,5,3,5,13,2,VIP,0.0,Low
872,2024-11-14,North America,Organic Search,Premium,75.0,Active,2024-11-14,,21,1575.0,2026-07-07,25,625,0,570.7936507936508,24,2,3,5,10,2,VIP,0.0,Low
1060,2024-11-20,North America,Social Media,Premium,75.0,Active,2024-11-20,,21,1575.0,2026-07-13,19,619,0,570.7936507936508,25,3,3,5,11,2,VIP,0.0,Low
675,2024-12-17,North America,Social Media,Premium,75.0,Active,2024-12-17,,20,1500.0,2026-07-10,22,592,0,570.7936507936508,26,3,3,5,11,2,VIP,0.0,Low
1000,2024-12-26,North America,Organic Search,Premium,75.0,Active,2024-12-26,,20,1500.0,2026-07-19,13,583,0,570.7936507936508,27,4,3,5,12,2,VIP,0.0,Low
127,2025-01-14,North America,Organic Search,Premium,75.0,Active,2025-01-14,,19,1425.0,2026-07-08,24,564,0,570.7936507936508,28,3,3,5,11,2,VIP,0.0,Low
380,2025-01-24,North America,Organic Search,Premium,75.0,Active,2025-01-24,,19,1425.0,2026-07-18,14,554,0,570.7936507936508,29,4,3,5,12,2,VIP,0.0,Low
611,2025-02-27,North America,Paid Ads,Premium,75.0,Active,2025-02-27,,18,1350.0,2026-07-22,10,520,0,570.7936507936508,30,4,3,5,12,2,VIP,0.0,Low
458,2025-04-10,North America,Organic Search,Premium,75.0,Active,2025-04-10,,16,1200.0,2026-07-04,28,478,0,570.7936507936508,31,2,2,5,9,2,VIP,0.0,Low
734,2025-05-01,North America,Social Media,Premium,75.0,Active,2025-05-01,,16,1200.0,2026-07-25,7,457,0,570.7936507936508,32,5,2,5,12,2,VIP,0.0,Low
798,2025-04-18,North America,Social Media,Premium,75.0,Active,2025-04-18,,16,1200.0,2026-07-12,20,470,0,570.7936507936508,33,3,2,5,10,2,VIP,0.0,Low
912,2025-05-04,North America,Referral,Premium,75.0,Active,2025-05-04,,16,1200.0,2026-07-28,4,454,0,570.7936507936508,34,5,2,5,12,2,VIP,0.0,Low
178,2024-01-09,North America,Referral,Standard,35.0,Active,2024-01-09,,32,1120.0,2026-07-27,5,935,0,570.7936507936508,35,5,5,5,15,3,High Value,0.0,Low
370,2024-01-06,North America,Social Media,Standard,35.0,Active,2024-01-06,,32,1120.0,2026-07-24,8,938,0,570.7936507936508,36,5,5,5,15,3,High Value,0.0,Low
371,2024-01-04,North America,Social Media,Standard,35.0,Active,2024-01-04,,32,1120.0,2026-07-22,10,940,0,570.7936507936508,37,4,5,5,14,3,High Value,0.0,Low
654,2024-01-10,North America,Organic Search,Standard,35.0,Active,2024-01-10,,32,1120.0,2026-07-28,4,934,0,570.7936507936508,38,5,5,5,15,3,High Value,0.0,Low
720,2024-01-10,North America,Paid Ads,Standard,35.0,Active,2024-01-10,,32,1120.0,2026-07-28,4,934,0,570.7936507936508,39,5,5,5,15,3,High Value,0.0,Low
374,2024-01-26,North America,Referral,Standard,35.0,Active,2024-01-26,,31,1085.0,2026-07-14,18,918,0,570.7936507936508,40,3,5,5,13,3,High Value,0.0,Low
1020,2024-02-10,North America,Referral,Standard,35.0,Active,2024-02-10,,31,1085.0,2026-07-29,3,903,0,570.7936507936508,41,5,5,5,15,3,High Value,0.0,Low
146,2024-02-14,North America,Organic Search,Standard,35.0,Active,2024-02-14,,30,1050.0,2026-07-03,29,899,0,570.7936507936508,42,2,5,5,12,3,High Value,0.0,Low
318,2024-03-12,North America,Paid Ads,Standard,35.0,Active,2024-03-12,,30,1050.0,2026-07-30,2,872,0,570.7936507936508,43,5,5,5,15,3,High Value,0.0,Low
803,2024-02-21,North America,Referral,Standard,35.0,Active,2024-02-21,,30,1050.0,2026-07-10,22,892,0,570.7936507936508,44,3,5,5,13,3,High Value,0.0,Low
808,2024-02-17,North America,Social Media,Standard,35.0,Active,2024-02-17,,30,1050.0,2026-07-06,26,896,0,570.7936507936508,45,2,5,5,12,3,High Value,0.0,Low
936,2024-02-16,North America,Social Media,Standard,35.0,Active,2024-02-16,,30,1050.0,2026-07-05,27,897,0,570.7936507936508,46,2,5,5,12,3,High Value,0.0,Low
1088,2024-03-10,North America,Paid Ads,Standard,35.0,Active,2024-03-10,,30,1050.0,2026-07-28,4,874,0,570.7936507936508,47,5,5,5,15,3,High Value,0.0,Low
340,2024-04-01,North America,Organic Search,Standard,35.0,Active,2024-04-01,,29,1015.0,2026-07-20,12,852,0,570.7936507936508,48,4,5,5,14,3,High Value,0.0,Low
372,2024-04-03,North America,Referral,Standard,35.0,Active,2024-04-03,,29,1015.0,2026-07-22,10,850,0,570.7936507936508,49,4,5,5,14,3,High Value,0.0,Low
181,2024-04-22,North America,Social Media,Standard,35.0,Active,2024-04-22,,28,980.0,2026-07-11,21,831,0,570.7936507936508,50,3,5,5,13,3,High Value,0.0,Low
393,2024-05-11,North America,Paid Ads,Standard,35.0,Active,2024-05-11,,28,980.0,2026-07-30,2,812,0,570.7936507936508,51,5,5,5,15,3,High Value,0.0,Low
447,2024-05-10,North America,Organic Search,Standard,35.0,Active,2024-05-10,,28,980.0,2026-07-29,3,813,0,570.7936507936508,52,5,5,5,15,3,High Value,0.0,Low
494,2024-05-10,North America,Organic Search,Standard,35.0,Active,2024-05-10,,28,980.0,2026-07-29,3,813,0,570.7936507936508,53,5,5,5,15,3,High Value,0.0,Low
545,2024-04-14,North America,Organic Search,Standard,35.0,Active,2024-04-14,,28,980.0,2026-07-03,29,839,0,570.7936507936508,54,2,5,5,12,3,High Value,0.0,Low
672,2024-05-05,North America,Referral,Standard,35.0,Active,2024-05-05,,28,980.0,2026-07-24,8,818,0,570.7936507936508,55,5,5,5,15,3,High Value,0.0,Low
752,2024-04-24,North America,Social Media,Standard,35.0,Active,2024-04-24,,28,980.0,2026-07-13,19,829,0,570.7936507936508,56,3,5,5,13,3,High Value,0.0,Low
794,2024-05-12,North America,Paid Ads,Standard,35.0,Active,2024-05-12,,28,980.0,2026-07-31,1,811,0,570.7936507936508,57,5,5,5,15,3,High Value,0.0,Low
918,2024-04-21,North America,Organic Search,Standard,35.0,Active,2024-04-21,,28,980.0,2026-07-10,22,832,0,570.7936507936508,58,3,5,5,13,3,High Value,0.0,Low
942,2024-04-16,North America,Referral,Standard,35.0,Active,2024-04-16,,28,980.0,2026-07-05,27,837,0,570.7936507936508,59,2,5,5,12,3,High Value,0.0,Low
1069,2024-05-05,North America,Paid Ads,Standard,35.0,Active,2024-05-05,,28,980.0,2026-07-24,8,818,0,570.7936507936508,60,5,5,5,15,3,High Value,0.0,Low
223,2024-06-06,North America,Paid Ads,Standard,35.0,Active,2024-06-06,,27,945.0,2026-07-26,6,786,0,570.7936507936508,61,5,4,5,14,3,High Value,0.0,Low
365,2024-05-29,North America,Paid Ads,Standard,35.0,Active,2024-05-29,,27,945.0,2026-07-18,14,794,0,570.7936507936508,62,4,4,5,13,3,High Value,0.0,Low
397,2024-06-01,North America,Paid Ads,Standard,35.0,Active,2024-06-01,,27,945.0,2026-07-21,11,791,0,570.7936507936508,63,4,4,5,13,3,High Value,0.0,Low
409,2024-05-15,North America,Organic Search,Standard,35.0,Active,2024-05-15,,27,945.0,2026-07-04,28,808,0,570.7936507936508,64,2,4,5,11,3,High Value,0.0,Low
426,2024-05-28,North America,Referral,Standard,35.0,Active,2024-05-28,,27,945.0,2026-07-17,15,795,0,570.7936507936508,65,4,4,5,13,3,High Value,0.0,Low
699,2024-06-01,North America,Paid Ads,Standard,35.0,Active,2024-06-01,,27,945.0,2026-07-21,11,791,0,570.7936507936508,66,4,4,5,13,3,High Value,0.0,Low
738,2024-05-15,North America,Paid Ads,Standard,35.0,Active,2024-05-15,,27,945.0,2026-07-04,28,808,0,570.7936507936508,67,2,4,5,11,3,High Value,0.0,Low
751,2024-05-23,North America,Organic Search,Standard,35.0,Active,2024-05-23,,27,945.0,2026-07-12,20,800,0,570.7936507936508,68,3,4,5,12,3,High Value,0.0,Low
768,2024-06-11,North America,Referral,Standard,35.0,Active,2024-06-11,,27,945.0,2026-07-31,1,781,0,570.7936507936508,69,5,4,5,14,3,High Value,0.0,Low
828,2024-06-12,North America,Social Media,Standard,35.0,Active,2024-06-12,,27,945.0,2026-08-01,0,780,0,570.7936507936508,70,5,4,5,14,3,High Value,0.0,Low
1083,2024-05-26,North America,Paid Ads,Standard,35.0,Active,2024-05-26,,27,945.0,2026-07-15,17,797,0,570.7936507936508,71,3,4,5,12,3,High Value,0.0,Low
1099,2024-05-26,North America,Organic Search,Standard,35.0,Active,2024-05-26,,27,945.0,2026-07-15,17,797,0,570.7936507936508,72,3,4,5,12,3,High Value,0.0,Low
167,2024-07-05,North America,Organic Search,Standard,35.0,Active,2024-07-05,,26,910.0,2026-07-25,7,757,0,570.7936507936508,73,5,4,5,14,3,High Value,0.0,Low
432,2024-06-27,North America,Paid Ads,Standard,35.0,Active,2024-06-27,,26,910.0,2026-07-17,15,765,0,570.7936507936508,74,4,4,5,13,3,High Value,0.0,Low
575,2024-07-11,North America,Organic Search,Standard,35.0,Active,2024-07-11,,26,910.0,2026-07-31,1,751,0,570.7936507936508,75,5,4,5,14,3,High Value,0.0,Low
1066,2024-06-18,North America,Paid Ads,Standard,35.0,Active,2024-06-18,,26,910.0,2026-07-08,24,774,0,570.7936507936508,76,3,4,5,12,3,High Value,0.0,Low
401,2025-03-23,North America,Social Media,Premium,75.0,Cancelled,2025-03-23,2026-03-07,12,900.0,2026-02-16,166,349,1,570.7936507936508,77,2,2,4,8,0,Mid Value,1.0,High
902,2024-07-14,North America,Referral,Standard,35.0,Active,2024-07-14,,25,875.0,2026-07-04,28,748,0,570.7936507936508,78,2,4,4,10,3,High Value,0.0,Low
1034,2024-07-20,North America,Paid Ads,Standard,35.0,Active,2024-07-20,,25,875.0,2026-07-10,22,742,0,570.7936507936508,79,3,4,4,11,3,High Value,0.0,Low
115,2024-08-29,North America,Organic Search,Standard,35.0,Active,2024-08-29,,24,840.0,2026-07-20,12,702,0,570.7936507936508,80,4,4,4,12,3,High Value,0.0,Low
272,2024-08-26,North America,Referral,Standard,35.0,Active,2024-08-26,,24,840.0,2026-07-17,15,705,0,570.7936507936508,81,4,4,4,12,3,High Value,0.0,Low
292,2024-08-20,North America,Organic Search,Standard,35.0,Active,2024-08-20,,24,840.0,2026-07-11,21,711,0,570.7936507936508,82,3,4,4,11,3,High Value,0.0,Low
488,2024-09-06,North America,Organic Search,Standard,35.0,Active,2024-09-06,,24,840.0,2026-07-28,4,694,0,570.7936507936508,83,5,4,4,13,3,High Value,0.0,Low
540,2024-08-28,North America,Paid Ads,Standard,35.0,Active,2024-08-28,,24,840.0,2026-07-19,13,703,0,570.7936507936508,84,4,4,4,12,3,High Value,0.0,Low
668,2024-09-07,North America,Social Media,Standard,35.0,Active,2024-09-07,,24,840.0,2026-07-29,3,693,0,570.7936507936508,85,5,4,4,13,3,High Value,0.0,Low
841,2024-08-23,North America,Paid Ads,Standard,35.0,Active,2024-08-23,,24,840.0,2026-07-14,18,708,0,570.7936507936508,86,3,4,4,11,3,High Value,0.0,Low
850,2024-08-16,North America,Paid Ads,Standard,35.0,Active,2024-08-16,,24,840.0,2026-07-07,25,715,0,570.7936507936508,87,2,4,4,10,3,High Value,0.0,Low
220,2024-09-18,North America,Paid Ads,Standard,35.0,Active,2024-09-18,,23,805.0,2026-07-10,22,682,0,570.7936507936508,88,3,4,4,11,3,High Value,0.0,Low
264,2024-09-21,North America,Social Media,Standard,35.0,Active,2024-09-21,,23,805.0,2026-07-13,19,679,0,570.7936507936508,89,3,4,4,11,3,High Value,0.0,Low
356,2024-09-29,North America,Paid Ads,Standard,35.0,Active,2024-09-29,,23,805.0,2026-07-21,11,671,0,570.7936507936508,90,4,4,4,12,3,High Value,0.0,Low
592,2024-10-06,North America,Social Media,Standard,35.0,Active,2024-10-06,,23,805.0,2026-07-28,4,664,0,570.7936507936508,91,5,4,4,13,3,High Value,0.0,Low
664,2024-10-08,North America,Organic Search,Standard,35.0,Active,2024-10-08,,23,805.0,2026-07-30,2,662,0,570.7936507936508,92,5,4,4,13,3,High Value,0.0,Low
985,2024-09-21,North America,Paid Ads,Standard,35.0,Active,2024-09-21,,23,805.0,2026-07-13,19,679,0,570.7936507936508,93,3,4,4,11,3,High Value,0.0,Low
1009,2024-10-09,North America,Organic Search,Standard,35.0,Active,2024-10-09,,23,805.0,2026-07-31,1,661,0,570.7936507936508,94,5,4,4,13,3,High Value,0.0,Low
123,2024-10-30,North America,Paid Ads,Standard,35.0,Active,2024-10-30,,22,770.0,2026-07-22,10,640,0,570.7936507936508,95,4,3,4,11,3,High Value,0.0,Low
497,2024-10-31,North America,Social Media,Standard,35.0,Active,2024-10-31,,22,770.0,2026-07-23,9,639,0,570.7936507936508,96,4,3,4,11,3,High Value,0.0,Low
809,2024-11-09,North America,Referral,Standard,35.0,Active,2024-11-09,,22,770.0,2026-08-01,0,630,0,570.7936507936508,97,5,3,4,12,3,High Value,0.0,Low
1041,2024-10-27,North America,Social Media,Standard,35.0,Active,2024-10-27,,22,770.0,2026-07-19,13,643,0,570.7936507936508,98,4,3,4,11,3,High Value,0.0,Low
1089,2024-10-30,North America,Referral,Standard,35.0,Active,2024-10-30,,22,770.0,2026-07-22,10,640,0,570.7936507936508,99,4,3,4,11,3,High Value,0.0,Low
616,2025-04-26,North America,Referral,Premium,75.0,Cancelled,2025-04-26,2026-02-02,10,750.0,2026-01-21,192,282,1,570.7936507936508,100,2,2,4,8,0,Mid Value,1.0,High
789,2024-11-03,North America,Referral,Premium,75.0,Cancelled,2024-11-03,2025-08-16,10,750.0,2025-07-31,366,286,1,570.7936507936508,101,2,2,4,8,1,Low Value,1.0,High
892,2024-11-08,North America,Organic Search,Premium,75.0,Cancelled,2024-11-08,2025-08-16,10,750.0,2025-08-05,361,281,1,570.7936507936508,102,2,2,4,8,1,Low Value,1.0,High
217,2024-11-21,North America,Paid Ads,Standard,35.0,Active,2024-11-21,,21,735.0,2026-07-14,18,618,0,570.7936507936508,103,3,3,4,10,0,Mid Value,0.0,Low
341,2024-11-21,North America,Paid Ads,Standard,35.0,Active,2024-11-21,,21,735.0,2026-07-14,18,618,0,570.7936507936508,104,3,3,4,10,0,Mid Value,0.0,Low
824,2024-11-24,North America,Organic Search,Standard,35.0,Active,2024-11-24,,21,735.0,2026-07-17,15,615,0,570.7936507936508,105,4,3,4,11,0,Mid Value,0.0,Low
975,2024-11-23,North America,Paid Ads,Standard,35.0,Active,2024-11-23,,21,735.0,2026-07-16,16,616,0,570.7936507936508,106,4,3,4,11,0,Mid Value,0.0,Low
984,2024-11-12,North America,Organic Search,Standard,35.0,Active,2024-11-12,,21,735.0,2026-07-05,27,627,0,570.7936507936508,107,2,3,4,9,0,Mid Value,0.0,Low
1097,2024-11-24,North America,Organic Search,Standard,35.0,Active,2024-11-24,,21,735.0,2026-07-17,15,615,0,570.7936507936508,108,4,3,4,11,0,Mid Value,0.0,Low
140,2024-12-11,North America,Organic Search,Standard,35.0,Active,2024-12-11,,20,700.0,2026-07-04,28,598,0,570.7936507936508,109,2,3,4,9,0,Mid Value,0.0,Low
170,2024-12-17,North America,Social Media,Standard,35.0,Active,2024-12-17,,20,700.0,2026-07-10,22,592,0,570.7936507936508,110,3,3,4,10,0,Mid Value,0.0,Low
260,2024-12-20,North America,Social Media,Standard,35.0,Active,2024-12-20,,20,700.0,2026-07-13,19,589,0,570.7936507936508,111,3,3,4,10,0,Mid Value,0.0,Low
379,2024-12-21,North America,Paid Ads,Standard,35.0,Active,2024-12-21,,20,700.0,2026-07-14,18,588,0,570.7936507936508,112,3,3,4,10,0,Mid Value,0.0,Low
415,2024-12-28,North America,Paid Ads,Standard,35.0,Active,2024-12-28,,20,700.0,2026-07-21,11,581,0,570.7936507936508,113,4,3,4,11,0,Mid Value,0.0,Low
1011,2024-12-20,North America,Paid Ads,Standard,35.0,Active,2024-12-20,,20,700.0,2026-07-13,19,589,0,570.7936507936508,114,3,3,4,10,0,Mid Value,0.0,Low
1015,2024-12-18,North America,Social Media,Standard,35.0,Active,2024-12-18,,20,700.0,2026-07-11,21,591,0,570.7936507936508,115,3,3,4,10,0,Mid Value,0.0,Low
1068,2025-01-03,North America,Paid Ads,Standard,35.0,Active,2025-01-03,,20,700.0,2026-07-27,5,575,0,570.7936507936508,116,5,3,4,12,0,Mid Value,0.0,Low
150,2025-01-19,North America,Paid Ads,Premium,75.0,Cancelled,2025-01-19,2025-09-29,9,675.0,2025-09-16,319,253,1,570.7936507936508,117,2,2,4,8,1,Low Value,1.0,High
804,2024-08-14,North America,Paid Ads,Premium,75.0,Cancelled,2024-08-14,2025-04-20,9,675.0,2025-04-11,477,249,1,570.7936507936508,118,1,2,4,7,1,Low Value,1.0,High
446,2025-01-19,North America,Organic Search,Standard,35.0,Active,2025-01-19,,19,665.0,2026-07-13,19,559,0,570.7936507936508,119,3,3,4,10,0,Mid Value,0.0,Low
774,2025-01-24,North America,Paid Ads,Standard,35.0,Active,2025-01-24,,19,665.0,2026-07-18,14,554,0,570.7936507936508,120,4,3,4,11,0,Mid Value,0.0,Low
974,2025-01-10,North America,Organic Search,Standard,35.0,Active,2025-01-10,,19,665.0,2026-07-04,28,568,0,570.7936507936508,121,2,3,4,9,0,Mid Value,0.0,Low
106,2025-02-17,North America,Organic Search,Standard,35.0,Active,2025-02-17,,18,630.0,2026-07-12,20,530,0,570.7936507936508,122,3,3,4,10,0,Mid Value,0.0,Low
287,2025-02-20,North America,Social Media,Standard,35.0,Active,2025-02-20,,18,630.0,2026-07-15,17,527,0,570.7936507936508,123,3,3,4,10,0,Mid Value,0.0,Low
613,2025-02-17,North America,Organic Search,Standard,35.0,Active,2025-02-17,,18,630.0,2026-07-12,20,530,0,570.7936507936508,124,3,3,4,10,0,Mid Value,0.0,Low
964,2025-02-27,North America,Referral,Standard,35.0,Active,2025-02-27,,18,630.0,2026-07-22,10,520,0,570.7936507936508,125,4,3,4,11,0,Mid Value,0.0,Low
1051,2025-02-11,North America,Organic Search,Standard,35.0,Active,2025-02-11,,18,630.0,2026-07-06,26,536,0,570.7936507936508,126,2,3,4,9,0,Mid Value,0.0,Low
202,2024-05-07,North America,Paid Ads,Premium,75.0,Cancelled,2024-05-07,2024-12-17,8,600.0,2024-12-03,606,224,1,570.7936507936508,127,1,1,4,6,1,Low Value,1.0,High
1018,2024-02-06,North America,Social Media,Premium,75.0,Cancelled,2024-02-06,2024-09-26,8,600.0,2024-09-03,697,233,1,570.7936507936508,128,1,1,4,6,1,Low Value,1.0,High
214,2025-03-22,North America,Paid Ads,Standard,35.0,Active,2025-03-22,,17,595.0,2026-07-15,17,497,0,570.7936507936508,129,3,2,4,9,0,Mid Value,0.0,Low
284,2025-03-31,North America,Paid Ads,Standard,35.0,Active,2025-03-31,,17,595.0,2026-07-24,8,488,0,570.7936507936508,130,5,2,4,11,0,Mid Value,0.0,Low
591,2025-03-20,North America,Social Media,Standard,35.0,Active,2025-03-20,,17,595.0,2026-07-13,19,499,0,570.7936507936508,131,3,2,4,9,0,Mid Value,0.0,Low
601,2025-03-19,North America,Paid Ads,Standard,35.0,Active,2025-03-19,,17,595.0,2026-07-12,20,500,0,570.7936507936508,132,3,2,4,9,0,Mid Value,0.0,Low
747,2025-03-28,North America,Referral,Standard,35.0,Active,2025-03-28,,17,595.0,2026-07-21,11,491,0,570.7936507936508,133,4,2,4,10,0,Mid Value,0.0,Low
103,2025-04-11,North America,Paid Ads,Standard,35.0,Active,2025-04-11,,16,560.0,2026-07-05,27,477,0,570.7936507936508,134,2,2,4,8,0,Mid Value,0.0,Low
132,2025-05-04,North America,Organic Search,Standard,35.0,Active,2025-05-04,,16,560.0,2026-07-28,4,454,0,570.7936507936508,135,5,2,4,11,0,Mid Value,0.0,Low
200,2025-04-25,North America,Paid Ads,Standard,35.0,Active,2025-04-25,,16,560.0,2026-07-19,13,463,0,570.7936507936508,136,4,2,4,10,0,Mid Value,0.0,Low
388,2025-04-27,North America,Referral,Standard,35.0,Active,2025-04-27,,16,560.0,2026-07-21,11,461,0,570.7936507936508,137,4,2,4,10,0,Mid Value,0.0,Low
739,2025-05-01,North America,Paid Ads,Standard,35.0,Active,2025-05-01,,16,560.0,2026-07-25,7,457,0,570.7936507936508,138,5,2,4,11,0,Mid Value,0.0,Low
792,2025-04-27,North America,Paid Ads,Standard,35.0,Active,2025-04-27,,16,560.0,2026-07-21,11,461,0,570.7936507936508,139,4,2,4,10,0,Mid Value,0.0,Low
1063,2025-04-19,North America,Organic Search,Standard,35.0,Active,2025-04-19,,16,560.0,2026-07-13,19,469,0,570.7936507936508,140,3,2,4,9,0,Mid Value,0.0,Low
896,2025-02-17,North America,Organic Search,Premium,75.0,Cancelled,2025-02-17,2025-08-17,7,525.0,2025-08-16,350,181,1,570.7936507936508,141,2,1,4,7,1,Low Value,1.0,High
195,2024-01-04,North America,Paid Ads,Basic,15.0,Active,2024-01-04,,32,480.0,2026-07-22,10,940,0,570.7936507936508,142,4,5,4,13,3,High Value,0.0,Low
462,2024-01-11,North America,Paid Ads,Basic,15.0,Active,2024-01-11,,32,480.0,2026-07-29,3,933,0,570.7936507936508,143,5,5,4,14,3,High Value,0.0,Low
538,2024-01-05,North America,Social Media,Basic,15.0,Active,2024-01-05,,32,480.0,2026-07-23,9,939,0,570.7936507936508,144,4,5,4,13,3,High Value,0.0,Low
574,2024-01-12,North America,Paid Ads,Basic,15.0,Active,2024-01-12,,32,480.0,2026-07-30,2,932,0,570.7936507936508,145,5,5,4,14,3,High Value,0.0,Low
831,2024-01-11,North America,Organic Search,Basic,15.0,Active,2024-01-11,,32,480.0,2026-07-29,3,933,0,570.7936507936508,146,5,5,4,14,3,High Value,0.0,Low
868,2024-01-03,North America,Paid Ads,Basic,15.0,Active,2024-01-03,,32,480.0,2026-07-21,11,941,0,570.7936507936508,147,4,5,4,13,3,High Value,0.0,Low
134,2024-02-02,North America,Paid Ads,Basic,15.0,Active,2024-02-02,,31,465.0,2026-07-21,11,911,0,570.7936507936508,148,4,5,4,13,3,High Value,0.0,Low
703,2024-01-21,North America,Organic Search,Basic,15.0,Active,2024-01-21,,31,465.0,2026-07-09,23,923,0,570.7936507936508,149,3,5,4,12,3,High Value,0.0,Low
837,2024-02-01,North America,Social Media,Basic,15.0,Active,2024-02-01,,31,465.0,2026-07-20,12,912,0,570.7936507936508,150,4,5,4,13,3,High Value,0.0,Low
863,2024-01-24,North America,Organic Search,Basic,15.0,Active,2024-01-24,,31,465.0,2026-07-12,20,920,0,570.7936507936508,151,3,5,4,12,3,High Value,0.0,Low
362,2024-04-10,North America,Paid Ads,Standard,35.0,Cancelled,2024-04-10,2025-04-06,13,455.0,2025-04-05,483,361,1,570.7936507936508,152,1,2,3,6,1,Low Value,1.0,High
520,2024-02-08,North America,Organic Search,Standard,35.0,Cancelled,2024-02-08,2025-02-05,13,455.0,2025-02-02,545,363,1,570.7936507936508,153,1,2,3,6,1,Low Value,1.0,High
346,2024-03-01,North America,Social Media,Basic,15.0,Active,2024-03-01,,30,450.0,2026-07-19,13,883,0,570.7936507936508,154,4,5,3,12,3,High Value,0.0,Low
449,2024-02-24,North America,Referral,Basic,15.0,Active,2024-02-24,,30,450.0,2026-07-13,19,889,0,570.7936507936508,155,3,5,3,11,3,High Value,0.0,Low
571,2024-02-29,North America,Referral,Basic,15.0,Active,2024-02-29,,30,450.0,2026-07-18,14,884,0,570.7936507936508,156,4,5,3,12,3,High Value,0.0,Low
609,2024-02-15,North America,Paid Ads,Basic,15.0,Active,2024-02-15,,30,450.0,2026-07-04,28,898,0,570.7936507936508,157,2,5,3,10,3,High Value,0.0,Low
825,2024-02-18,North America,Organic Search,Basic,15.0,Active,2024-02-18,,30,450.0,2026-07-07,25,895,0,570.7936507936508,158,2,5,3,10,3,High Value,0.0,Low
953,2024-02-29,North America,Paid Ads,Basic,15.0,Active,2024-02-29,,30,450.0,2026-07-18,14,884,0,570.7936507936508,159,4,5,3,12,3,High Value,0.0,Low
174,2024-04-08,North America,Organic Search,Basic,15.0,Active,2024-04-08,,29,435.0,2026-07-27,5,845,0,570.7936507936508,160,5,5,3,13,3,High Value,0.0,Low
250,2024-03-30,North America,Social Media,Basic,15.0,Active,2024-03-30,,29,435.0,2026-07-18,14,854,0,570.7936507936508,161,4,5,3,12,3,High Value,0.0,Low
281,2024-03-31,North America,Paid Ads,Basic,15.0,Active,2024-03-31,,29,435.0,2026-07-19,13,853,0,570.7936507936508,162,4,5,3,12,3,High Value,0.0,Low
310,2024-04-08,North America,Organic Search,Basic,15.0,Active,2024-04-08,,29,435.0,2026-07-27,5,845,0,570.7936507936508,163,5,5,3,13,3,High Value,0.0,Low
383,2024-04-10,North America,Organic Search,Basic,15.0,Active,2024-04-10,,29,435.0,2026-07-29,3,843,0,570.7936507936508,164,5,5,3,13,3,High Value,0.0,Low
420,2024-04-01,North America,Organic Search,Basic,15.0,Active,2024-04-01,,29,435.0,2026-07-20,12,852,0,570.7936507936508,165,4,5,3,12,3,High Value,0.0,Low
608,2024-03-28,North America,Organic Search,Basic,15.0,Active,2024-03-28,,29,435.0,2026-07-16,16,856,0,570.7936507936508,166,4,5,3,12,3,High Value,0.0,Low
610,2024-03-26,North America,Paid Ads,Basic,15.0,Active,2024-03-26,,29,435.0,2026-07-14,18,858,0,570.7936507936508,167,3,5,3,11,3,High Value,0.0,Low
621,2024-03-24,North America,Social Media,Basic,15.0,Active,2024-03-24,,29,435.0,2026-07-12,20,860,0,570.7936507936508,168,3,5,3,11,3,High Value,0.0,Low
630,2024-03-22,North America,Referral,Basic,15.0,Active,2024-03-22,,29,435.0,2026-07-10,22,862,0,570.7936507936508,169,3,5,3,11,3,High Value,0.0,Low
691,2024-03-29,North America,Paid Ads,Basic,15.0,Active,2024-03-29,,29,435.0,2026-07-17,15,855,0,570.7936507936508,170,4,5,3,12,3,High Value,0.0,Low
785,2024-04-08,North America,Referral,Basic,15.0,Active,2024-04-08,,29,435.0,2026-07-27,5,845,0,570.7936507936508,171,5,5,3,13,3,High Value,0.0,Low
920,2024-03-26,North America,Referral,Basic,15.0,Active,2024-03-26,,29,435.0,2026-07-14,18,858,0,570.7936507936508,172,3,5,3,11,3,High Value,0.0,Low
1038,2024-04-02,North America,Paid Ads,Basic,15.0,Active,2024-04-02,,29,435.0,2026-07-21,11,851,0,570.7936507936508,173,4,5,3,12,3,High Value,0.0,Low
1045,2024-04-08,North America,Paid Ads,Basic,15.0,Active,2024-04-08,,29,435.0,2026-07-27,5,845,0,570.7936507936508,174,5,5,3,13,3,High Value,0.0,Low
151,2024-04-25,North America,Paid Ads,Basic,15.0,Active,2024-04-25,,28,420.0,2026-07-14,18,828,0,570.7936507936508,175,3,5,3,11,3,High Value,0.0,Low
161,2024-05-05,North America,Paid Ads,Basic,15.0,Active,2024-05-05,,28,420.0,2026-07-24,8,818,0,570.7936507936508,176,5,5,3,13,3,High Value,0.0,Low
279,2024-05-11,North America,Referral,Basic,15.0,Active,2024-05-11,,28,420.0,2026-07-30,2,812,0,570.7936507936508,177,5,5,3,13,3,High Value,0.0,Low
297,2024-05-01,North America,Paid Ads,Basic,15.0,Active,2024-05-01,,28,420.0,2026-07-20,12,822,0,570.7936507936508,178,4,5,3,12,3,High Value,0.0,Low
431,2024-05-07,North America,Paid Ads,Basic,15.0,Active,2024-05-07,,28,420.0,2026-07-26,6,816,0,570.7936507936508,179,5,5,3,13,3,High Value,0.0,Low
468,2024-05-07,North America,Paid Ads,Basic,15.0,Active,2024-05-07,,28,420.0,2026-07-26,6,816,0,570.7936507936508,180,5,5,3,13,3,High Value,0.0,Low
663,2024-05-09,North America,Organic Search,Basic,15.0,Active,2024-05-09,,28,420.0,2026-07-28,4,814,0,570.7936507936508,181,5,5,3,13,3,High Value,0.0,Low
822,2024-04-20,North America,Social Media,Basic,15.0,Active,2024-04-20,,28,420.0,2026-07-09,23,833,0,570.7936507936508,182,3,5,3,11,3,High Value,0.0,Low
885,2024-04-27,North America,Paid Ads,Basic,15.0,Active,2024-04-27,,28,420.0,2026-07-16,16,826,0,570.7936507936508,183,4,5,3,12,3,High Value,0.0,Low
988,2024-07-14,North America,Social Media,Standard,35.0,Cancelled,2024-07-14,2025-07-04,12,420.0,2025-06-09,418,355,1,570.7936507936508,184,2,2,3,7,1,Low Value,1.0,High
105,2024-05-29,North America,Referral,Basic,15.0,Active,2024-05-29,,27,405.0,2026-07-18,14,794,0,570.7936507936508,185,4,4,3,11,3,High Value,0.0,Low
511,2024-05-31,North America,Organic Search,Basic,15.0,Active,2024-05-31,,27,405.0,2026-07-20,12,792,0,570.7936507936508,186,4,4,3,11,3,High Value,0.0,Low
727,2024-06-09,North America,Organic Search,Basic,15.0,Active,2024-06-09,,27,405.0,2026-07-29,3,783,0,570.7936507936508,187,5,4,3,12,3,High Value,0.0,Low
757,2024-05-21,North America,Organic Search,Basic,15.0,Active,2024-05-21,,27,405.0,2026-07-10,22,802,0,570.7936507936508,188,3,4,3,10,3,High Value,0.0,Low
911,2024-06-09,North America,Organic Search,Basic,15.0,Active,2024-06-09,,27,405.0,2026-07-29,3,783,0,570.7936507936508,189,5,5,3,13,3,High Value,0.0,Low
925,2024-05-22,North America,Social Media,Basic,15.0,Active,2024-05-22,,27,405.0,2026-07-11,21,801,0,570.7936507936508,190,3,5,3,11,3,High Value,0.0,Low
1085,2024-05-19,North America,Referral,Basic,15.0,Active,2024-05-19,,27,405.0,2026-07-08,24,804,0,570.7936507936508,191,3,5,3,11,3,High Value,0.0,Low
110,2024-07-06,North America,Paid Ads,Basic,15.0,Active,2024-07-06,,26,390.0,2026-07-26,6,756,0,570.7936507936508,192,5,4,3,12,3,High Value,0.0,Low
189,2024-06-24,North America,Paid Ads,Basic,15.0,Active,2024-06-24,,26,390.0,2026-07-14,18,768,0,570.7936507936508,193,3,4,3,10,3,High Value,0.0,Low
351,2024-07-05,North America,Referral,Basic,15.0,Active,2024-07-05,,26,390.0,2026-07-25,7,757,0,570.7936507936508,194,5,4,3,12,3,High Value,0.0,Low
525,2024-06-25,North America,Paid Ads,Basic,15.0,Active,2024-06-25,,26,390.0,2026-07-15,17,767,0,570.7936507936508,195,3,4,3,10,3,High Value,0.0,Low
557,2024-06-16,North America,Organic Search,Basic,15.0,Active,2024-06-16,,26,390.0,2026-07-06,26,776,0,570.7936507936508,196,2,4,3,9,3,High Value,0.0,Low
932,2024-06-26,North America,Paid Ads,Basic,15.0,Active,2024-06-26,,26,390.0,2026-07-16,16,766,0,570.7936507936508,197,4,4,3,11,3,High Value,0.0,Low
995,2024-06-20,North America,Organic Search,Basic,15.0,Active,2024-06-20,,26,390.0,2026-07-10,22,772,0,570.7936507936508,198,3,4,3,10,3,High Value,0.0,Low
190,2025-01-09,North America,Paid Ads,Standard,35.0,Cancelled,2025-01-09,2025-11-14,11,385.0,2025-11-05,269,309,1,570.7936507936508,199,2,2,3,7,1,Low Value,1.0,High
569,2024-11-21,North America,Organic Search,Standard,35.0,Cancelled,2024-11-21,2025-10-16,11,385.0,2025-09-17,318,329,1,570.7936507936508,200,2,2,3,7,1,Low Value,1.0,High
764,2024-02-18,North America,Social Media,Standard,35.0,Cancelled,2024-02-18,2025-01-06,11,385.0,2024-12-14,595,323,1,570.7936507936508,201,1,2,3,6,1,Low Value,1.0,High
439,2024-08-11,North America,Referral,Basic,15.0,Active,2024-08-11,,25,375.0,2026-08-01,0,720,0,570.7936507936508,202,5,4,3,12,0,Mid Value,0.0,Low
469,2024-07-27,North America,Paid Ads,Basic,15.0,Active,2024-07-27,,25,375.0,2026-07-17,15,735,0,570.7936507936508,203,4,4,3,11,0,Mid Value,0.0,Low
665,2024-07-16,North America,Organic Search,Basic,15.0,Active,2024-07-16,,25,375.0,2026-07-06,26,746,0,570.7936507936508,204,2,4,3,9,0,Mid Value,0.0,Low
667,2025-05-04,North America,Paid Ads,Premium,75.0,Cancelled,2025-05-04,2025-09-06,5,375.0,2025-09-01,334,125,1,570.7936507936508,205,2,1,3,6,1,Low Value,1.0,High
677,2024-08-05,North America,Organic Search,Basic,15.0,Active,2024-08-05,,25,375.0,2026-07-26,6,726,0,570.7936507936508,206,5,4,3,12,0,Mid Value,0.0,Low
683,2024-08-07,North America,Paid Ads,Basic,15.0,Active,2024-08-07,,25,375.0,2026-07-28,4,724,0,570.7936507936508,207,5,4,3,12,0,Mid Value,0.0,Low
895,2024-07-31,North America,Organic Search,Basic,15.0,Active,2024-07-31,,25,375.0,2026-07-21,11,731,0,570.7936507936508,208,4,4,3,11,0,Mid Value,0.0,Low
1050,2024-11-08,North America,Paid Ads,Premium,75.0,Cancelled,2024-11-08,2025-03-23,5,375.0,2025-03-08,511,135,1,570.7936507936508,209,1,1,3,5,1,Low Value,1.0,High
145,2024-08-30,North America,Social Media,Basic,15.0,Active,2024-08-30,,24,360.0,2026-07-21,11,701,0,570.7936507936508,210,4,4,3,11,0,Mid Value,0.0,Low
307,2024-08-26,North America,Paid Ads,Basic,15.0,Active,2024-08-26,,24,360.0,2026-07-17,15,705,0,570.7936507936508,211,4,4,3,11,0,Mid Value,0.0,Low
363,2024-08-13,North America,Paid Ads,Basic,15.0,Active,2024-08-13,,24,360.0,2026-07-04,28,718,0,570.7936507936508,212,2,4,3,9,0,Mid Value,0.0,Low
487,2024-09-02,North America,Paid Ads,Basic,15.0,Active,2024-09-02,,24,360.0,2026-07-24,8,698,0,570.7936507936508,213,5,4,3,12,0,Mid Value,0.0,Low
627,2024-08-30,North America,Social Media,Basic,15.0,Active,2024-08-30,,24,360.0,2026-07-21,11,701,0,570.7936507936508,214,4,4,3,11,0,Mid Value,0.0,Low
642,2024-09-02,North America,Paid Ads,Basic,15.0,Active,2024-09-02,,24,360.0,2026-07-24,8,698,0,570.7936507936508,215,5,4,3,12,0,Mid Value,0.0,Low
649,2024-08-18,North America,Paid Ads,Basic,15.0,Active,2024-08-18,,24,360.0,2026-07-09,23,713,0,570.7936507936508,216,3,4,3,10,0,Mid Value,0.0,Low
951,2024-08-14,North America,Social Media,Basic,15.0,Active,2024-08-14,,24,360.0,2026-07-05,27,717,0,570.7936507936508,217,2,4,3,9,0,Mid Value,0.0,Low
276,2024-01-29,North America,Social Media,Standard,35.0,Cancelled,2024-01-29,2024-11-08,10,350.0,2024-10-25,645,284,1,570.7936507936508,218,1,2,3,6,1,Low Value,1.0,High
584,2024-03-15,North America,Organic Search,Standard,35.0,Cancelled,2024-03-15,2025-01-06,10,350.0,2024-12-10,599,297,1,570.7936507936508,219,1,2,3,6,1,Low Value,1.0,High
645,2025-04-22,North America,Organic Search,Standard,35.0,Cancelled,2025-04-22,2026-01-17,10,350.0,2026-01-17,196,270,1,570.7936507936508,220,2,2,3,7,0,Mid Value,0.99,High
994,2024-11-20,North America,Organic Search,Standard,35.0,Cancelled,2024-11-20,2025-08-25,10,350.0,2025-08-17,349,278,1,570.7936507936508,221,2,2,3,7,1,Low Value,0.99,High
1022,2024-02-15,North America,Paid Ads,Standard,35.0,Cancelled,2024-02-15,2024-11-26,10,350.0,2024-11-11,628,285,1,570.7936507936508,222,1,2,3,6,1,Low Value,1.0,High
1072,2024-12-07,North America,Social Media,Standard,35.0,Cancelled,2024-12-07,2025-09-14,10,350.0,2025-09-03,332,281,1,570.7936507936508,223,2,2,3,7,1,Low Value,0.99,High
126,2024-10-06,North America,Organic Search,Basic,15.0,Active,2024-10-06,,23,345.0,2026-07-28,4,664,0,570.7936507936508,224,5,4,2,11,0,Mid Value,0.0,Low
204,2024-10-06,North America,Referral,Basic,15.0,Active,2024-10-06,,23,345.0,2026-07-28,4,664,0,570.7936507936508,225,5,4,2,11,0,Mid Value,0.0,Low
484,2024-09-23,North America,Paid Ads,Basic,15.0,Active,2024-09-23,,23,345.0,2026-07-15,17,677,0,570.7936507936508,226,3,4,2,9,0,Mid Value,0.0,Low
506,2024-09-26,North America,Referral,Basic,15.0,Active,2024-09-26,,23,345.0,2026-07-18,14,674,0,570.7936507936508,227,4,4,2,10,0,Mid Value,0.0,Low
552,2024-10-10,North America,Social Media,Basic,15.0,Active,2024-10-10,,23,345.0,2026-08-01,0,660,0,570.7936507936508,228,5,4,3,12,0,Mid Value,0.0,Low
962,2024-09-27,North America,Organic Search,Basic,15.0,Active,2024-09-27,,23,345.0,2026-07-19,13,673,0,570.7936507936508,229,4,4,3,11,0,Mid Value,0.0,Low
1040,2024-09-24,North America,Paid Ads,Basic,15.0,Active,2024-09-24,,23,345.0,2026-07-16,16,676,0,570.7936507936508,230,4,4,3,11,0,Mid Value,0.0,Low
128,2024-10-27,North America,Social Media,Basic,15.0,Active,2024-10-27,,22,330.0,2026-07-19,13,643,0,570.7936507936508,231,4,3,2,9,0,Mid Value,0.0,Low
239,2024-10-16,North America,Organic Search,Basic,15.0,Active,2024-10-16,,22,330.0,2026-07-08,24,654,0,570.7936507936508,232,3,3,2,8,0,Mid Value,0.0,Low
473,2024-10-19,North America,Social Media,Basic,15.0,Active,2024-10-19,,22,330.0,2026-07-11,21,651,0,570.7936507936508,233,3,3,2,8,0,Mid Value,0.0,Low
527,2024-10-19,North America,Organic Search,Basic,15.0,Active,2024-10-19,,22,330.0,2026-07-11,21,651,0,570.7936507936508,234,3,3,2,8,0,Mid Value,0.0,Low
641,2024-10-21,North America,Paid Ads,Basic,15.0,Active,2024-10-21,,22,330.0,2026-07-13,19,649,0,570.7936507936508,235,3,3,2,8,0,Mid Value,0.0,Low
653,2024-10-27,North America,Organic Search,Basic,15.0,Active,2024-10-27,,22,330.0,2026-07-19,13,643,0,570.7936507936508,236,4,3,2,9,0,Mid Value,0.0,Low
700,2024-10-19,North America,Paid Ads,Basic,15.0,Active,2024-10-19,,22,330.0,2026-07-11,21,651,0,570.7936507936508,237,3,3,2,8,0,Mid Value,0.0,Low
771,2024-11-05,North America,Paid Ads,Basic,15.0,Active,2024-11-05,,22,330.0,2026-07-28,4,634,0,570.7936507936508,238,5,3,2,10,0,Mid Value,0.0,Low
777,2024-10-14,North America,Paid Ads,Basic,15.0,Active,2024-10-14,,22,330.0,2026-07-06,26,656,0,570.7936507936508,239,2,3,2,7,0,Mid Value,0.0,Low
879,2024-10-27,North America,Paid Ads,Basic,15.0,Active,2024-10-27,,22,330.0,2026-07-19,13,643,0,570.7936507936508,240,4,3,2,9,0,Mid Value,0.0,Low
968,2024-10-20,North America,Organic Search,Basic,15.0,Active,2024-10-20,,22,330.0,2026-07-12,20,650,0,570.7936507936508,241,3,3,2,8,0,Mid Value,0.0,Low
969,2024-11-08,North America,Referral,Basic,15.0,Active,2024-11-08,,22,330.0,2026-07-31,1,631,0,570.7936507936508,242,5,3,2,10,0,Mid Value,0.0,Low
129,2024-12-09,North America,Organic Search,Basic,15.0,Active,2024-12-09,,21,315.0,2026-08-01,0,600,0,570.7936507936508,243,5,3,2,10,0,Mid Value,0.0,Low
211,2024-11-16,North America,Paid Ads,Basic,15.0,Active,2024-11-16,,21,315.0,2026-07-09,23,623,0,570.7936507936508,244,3,3,2,8,0,Mid Value,0.0,Low
247,2024-11-25,North America,Organic Search,Basic,15.0,Active,2024-11-25,,21,315.0,2026-07-18,14,614,0,570.7936507936508,245,4,3,2,9,0,Mid Value,0.0,Low
451,2024-11-18,North America,Referral,Basic,15.0,Active,2024-11-18,,21,315.0,2026-07-11,21,621,0,570.7936507936508,246,3,3,2,8,0,Mid Value,0.0,Low
651,2024-01-28,North America,Referral,Standard,35.0,Cancelled,2024-01-28,2024-10-21,9,315.0,2024-09-24,676,267,1,570.7936507936508,247,1,2,2,5,1,Low Value,1.0,High
760,2024-11-18,North America,Paid Ads,Basic,15.0,Active,2024-11-18,,21,315.0,2026-07-11,21,621,0,570.7936507936508,248,3,3,2,8,0,Mid Value,0.0,Low
799,2024-12-03,North America,Organic Search,Basic,15.0,Active,2024-12-03,,21,315.0,2026-07-26,6,606,0,570.7936507936508,249,5,3,2,10,0,Mid Value,0.0,Low
898,2024-12-01,North America,Paid Ads,Basic,15.0,Active,2024-12-01,,21,315.0,2026-07-24,8,608,0,570.7936507936508,250,5,3,2,10,0,Mid Value,0.0,Low
1053,2024-11-16,North America,Organic Search,Basic,15.0,Active,2024-11-16,,21,315.0,2026-07-09,23,623,0,570.7936507936508,251,3,3,2,8,0,Mid Value,0.0,Low
1064,2024-11-10,North America,Paid Ads,Basic,15.0,Active,2024-11-10,,21,315.0,2026-07-03,29,629,0,570.7936507936508,252,2,3,2,7,0,Mid Value,0.0,Low
139,2024-12-24,North America,Referral,Basic,15.0,Active,2024-12-24,,20,300.0,2026-07-17,15,585,0,570.7936507936508,253,4,3,2,9,0,Mid Value,0.0,Low
171,2025-02-27,North America,Social Media,Premium,75.0,Cancelled,2025-02-27,2025-06-13,4,300.0,2025-05-28,430,106,1,570.7936507936508,254,1,1,2,4,1,Low Value,1.0,High
232,2024-06-02,North America,Referral,Premium,75.0,Cancelled,2024-06-02,2024-09-14,4,300.0,2024-08-31,700,104,1,570.7936507936508,255,1,1,2,4,1,Low Value,1.0,High
354,2025-01-05,North America,Organic Search,Basic,15.0,Active,2025-01-05,,20,300.0,2026-07-29,3,573,0,570.7936507936508,256,5,3,2,10,0,Mid Value,0.0,Low
563,2024-12-28,North America,Social Media,Basic,15.0,Active,2024-12-28,,20,300.0,2026-07-21,11,581,0,570.7936507936508,257,4,3,2,9,0,Mid Value,0.0,Low
658,2025-01-08,North America,Organic Search,Basic,15.0,Active,2025-01-08,,20,300.0,2026-08-01,0,570,0,570.7936507936508,258,5,3,2,10,0,Mid Value,0.0,Low
821,2024-12-17,North America,Paid Ads,Basic,15.0,Active,2024-12-17,,20,300.0,2026-07-10,22,592,0,570.7936507936508,259,3,3,2,8,0,Mid Value,0.0,Low
943,2024-12-31,North America,Social Media,Basic,15.0,Active,2024-12-31,,20,300.0,2026-07-24,8,578,0,570.7936507936508,260,5,3,2,10,0,Mid Value,0.0,Low
1047,2024-12-19,North America,Paid Ads,Basic,15.0,Active,2024-12-19,,20,300.0,2026-07-12,20,590,0,570.7936507936508,261,3,3,2,8,0,Mid Value,0.0,Low
184,2025-01-18,North America,Paid Ads,Basic,15.0,Active,2025-01-18,,19,285.0,2026-07-12,20,560,0,570.7936507936508,262,3,3,2,8,0,Mid Value,0.0,Low
206,2025-01-20,North America,Social Media,Basic,15.0,Active,2025-01-20,,19,285.0,2026-07-14,18,558,0,570.7936507936508,263,3,3,2,8,0,Mid Value,0.0,Low
252,2025-01-25,North America,Referral,Basic,15.0,Active,2025-01-25,,19,285.0,2026-07-19,13,553,0,570.7936507936508,264,4,3,2,9,0,Mid Value,0.0,Low
456,2025-02-03,North America,Referral,Basic,15.0,Active,2025-02-03,,19,285.0,2026-07-28,4,544,0,570.7936507936508,265,5,3,2,10,0,Mid Value,0.0,Low
773,2025-01-15,North America,Social Media,Basic,15.0,Active,2025-01-15,,19,285.0,2026-07-09,23,563,0,570.7936507936508,266,3,3,2,8,0,Mid Value,0.0,Low
812,2025-02-04,North America,Paid Ads,Basic,15.0,Active,2025-02-04,,19,285.0,2026-07-29,3,543,0,570.7936507936508,267,5,3,2,10,0,Mid Value,0.0,Low
832,2025-02-05,North America,Paid Ads,Basic,15.0,Active,2025-02-05,,19,285.0,2026-07-30,2,542,0,570.7936507936508,268,5,3,2,10,0,Mid Value,0.0,Low
860,2025-02-03,North America,Paid Ads,Basic,15.0,Active,2025-02-03,,19,285.0,2026-07-28,4,544,0,570.7936507936508,269,5,3,2,10,0,Mid Value,0.0,Low
1008,2025-02-04,North America,Paid Ads,Basic,15.0,Active,2025-02-04,,19,285.0,2026-07-29,3,543,0,570.7936507936508,270,5,3,2,10,0,Mid Value,0.0,Low
1073,2025-01-21,North America,Organic Search,Basic,15.0,Active,2025-01-21,,19,285.0,2026-07-15,17,557,0,570.7936507936508,271,3,3,2,8,0,Mid Value,0.0,Low
477,2024-12-07,North America,Social Media,Standard,35.0,Cancelled,2024-12-07,2025-07-28,8,280.0,2025-07-05,392,233,1,570.7936507936508,272,2,1,2,5,1,Low Value,1.0,High
567,2024-01-17,North America,Paid Ads,Standard,35.0,Cancelled,2024-01-17,2024-09-01,8,280.0,2024-08-14,717,228,1,570.7936507936508,273,1,1,2,4,1,Low Value,1.0,High
389,2025-02-09,North America,Referral,Basic,15.0,Active,2025-02-09,,18,270.0,2026-07-04,28,538,0,570.7936507936508,274,2,3,2,7,0,Mid Value,0.0,Low
428,2025-02-28,North America,Paid Ads,Basic,15.0,Active,2025-02-28,,18,270.0,2026-07-23,9,519,0,570.7936507936508,275,4,3,2,9,0,Mid Value,0.0,Low
614,2025-02-09,North America,Social Media,Basic,15.0,Active,2025-02-09,,18,270.0,2026-07-04,28,538,0,570.7936507936508,276,2,3,2,7,0,Mid Value,0.0,Low
659,2025-02-24,North America,Paid Ads,Basic,15.0,Active,2025-02-24,,18,270.0,2026-07-19,13,523,0,570.7936507936508,277,4,3,2,9,0,Mid Value,0.0,Low
728,2025-03-07,North America,Organic Search,Basic,15.0,Active,2025-03-07,,18,270.0,2026-07-30,2,512,0,570.7936507936508,278,5,3,2,10,0,Mid Value,0.0,Low
816,2025-02-11,North America,Organic Search,Basic,15.0,Active,2025-02-11,,18,270.0,2026-07-06,26,536,0,570.7936507936508,279,2,3,2,7,0,Mid Value,0.0,Low
934,2025-02-11,North America,Referral,Basic,15.0,Active,2025-02-11,,18,270.0,2026-07-06,26,536,0,570.7936507936508,280,2,3,2,7,0,Mid Value,0.0,Low
1007,2025-02-25,North America,Organic Search,Basic,15.0,Active,2025-02-25,,18,270.0,2026-07-20,12,522,0,570.7936507936508,281,4,3,2,9,0,Mid Value,0.0,Low
194,2025-03-28,North America,Paid Ads,Basic,15.0,Active,2025-03-28,,17,255.0,2026-07-21,11,491,0,570.7936507936508,282,4,2,2,8,0,Mid Value,0.0,Low
296,2025-04-04,North America,Paid Ads,Basic,15.0,Active,2025-04-04,,17,255.0,2026-07-28,4,484,0,570.7936507936508,283,5,2,2,9,0,Mid Value,0.0,Low
416,2025-03-21,North America,Organic Search,Basic,15.0,Active,2025-03-21,,17,255.0,2026-07-14,18,498,0,570.7936507936508,284,3,2,2,7,0,Mid Value,0.0,Low
491,2025-03-25,North America,Organic Search,Basic,15.0,Active,2025-03-25,,17,255.0,2026-07-18,14,494,0,570.7936507936508,285,4,2,2,8,0,Mid Value,0.0,Low
495,2025-03-10,North America,Paid Ads,Basic,15.0,Active,2025-03-10,,17,255.0,2026-07-03,29,509,0,570.7936507936508,286,2,2,2,6,0,Mid Value,0.0,Low
517,2025-03-25,North America,Social Media,Basic,15.0,Active,2025-03-25,,17,255.0,2026-07-18,14,494,0,570.7936507936508,287,4,2,2,8,0,Mid Value,0.0,Low
585,2025-04-06,North America,Organic Search,Basic,15.0,Active,2025-04-06,,17,255.0,2026-07-30,2,482,0,570.7936507936508,288,5,2,2,9,0,Mid Value,0.0,Low
712,2025-04-03,North America,Social Media,Basic,15.0,Active,2025-04-03,,17,255.0,2026-07-27,5,485,0,570.7936507936508,289,5,2,2,9,0,Mid Value,0.0,Low
916,2025-03-29,North America,Social Media,Basic,15.0,Active,2025-03-29,,17,255.0,2026-07-22,10,490,0,570.7936507936508,290,4,2,2,8,0,Mid Value,0.0,Low
966,2025-03-31,North America,Organic Search,Basic,15.0,Active,2025-03-31,,17,255.0,2026-07-24,8,488,0,570.7936507936508,291,5,2,2,9,0,Mid Value,0.0,Low
996,2025-03-20,North America,Social Media,Basic,15.0,Active,2025-03-20,,17,255.0,2026-07-13,19,499,0,570.7936507936508,292,3,2,2,7,0,Mid Value,0.0,Low
1026,2025-03-28,North America,Paid Ads,Basic,15.0,Active,2025-03-28,,17,255.0,2026-07-21,11,491,0,570.7936507936508,293,4,2,2,8,0,Mid Value,0.0,Low
839,2025-01-31,North America,Social Media,Standard,35.0,Cancelled,2025-01-31,2025-08-24,7,245.0,2025-07-30,367,205,1,570.7936507936508,294,2,1,2,5,1,Low Value,1.0,High
938,2024-09-24,North America,Paid Ads,Standard,35.0,Cancelled,2024-09-24,2025-03-25,7,245.0,2025-03-23,496,182,1,570.7936507936508,295,1,1,2,4,1,Low Value,1.0,High
208,2025-04-21,North America,Paid Ads,Basic,15.0,Active,2025-04-21,,16,240.0,2026-07-15,17,467,0,570.7936507936508,296,3,2,2,7,0,Mid Value,0.0,Low
257,2025-04-10,North America,Paid Ads,Basic,15.0,Active,2025-04-10,,16,240.0,2026-07-04,28,478,0,570.7936507936508,297,2,2,2,6,0,Mid Value,0.0,Low
355,2025-04-29,North America,Paid Ads,Basic,15.0,Active,2025-04-29,,16,240.0,2026-07-23,9,459,0,570.7936507936508,298,4,2,2,8,0,Mid Value,0.0,Low
463,2025-04-15,North America,Social Media,Basic,15.0,Active,2025-04-15,,16,240.0,2026-07-09,23,473,0,570.7936507936508,299,3,2,2,7,0,Mid Value,0.0,Low
515,2025-04-14,North America,Paid Ads,Basic,15.0,Active,2025-04-14,,16,240.0,2026-07-08,24,474,0,570.7936507936508,300,3,2,2,7,0,Mid Value,0.0,Low
549,2025-04-16,North America,Organic Search,Basic,15.0,Active,2025-04-16,,16,240.0,2026-07-10,22,472,0,570.7936507936508,301,3,2,2,7,0,Mid Value,0.0,Low
565,2025-04-21,North America,Organic Search,Basic,15.0,Active,2025-04-21,,16,240.0,2026-07-15,17,467,0,570.7936507936508,302,3,2,2,7,0,Mid Value,0.0,Low
781,2025-04-11,North America,Paid Ads,Basic,15.0,Active,2025-04-11,,16,240.0,2026-07-05,27,477,0,570.7936507936508,303,2,2,2,6,0,Mid Value,0.0,Low
800,2025-04-09,North America,Paid Ads,Basic,15.0,Active,2025-04-09,,16,240.0,2026-07-03,29,479,0,570.7936507936508,304,2,2,2,6,0,Mid Value,0.0,Low
813,2025-04-11,North America,Social Media,Basic,15.0,Active,2025-04-11,,16,240.0,2026-07-05,27,477,0,570.7936507936508,305,2,2,2,6,0,Mid Value,0.0,Low
987,2025-05-03,North America,Referral,Basic,15.0,Active,2025-05-03,,16,240.0,2026-07-27,5,455,0,570.7936507936508,306,5,2,2,9,0,Mid Value,0.0,Low
235,2025-05-14,North America,Organic Search,Basic,15.0,Active,2025-05-14,,15,225.0,2026-07-08,24,444,0,570.7936507936508,307,3,2,2,7,0,Mid Value,0.0,Low
983,2025-05-14,North America,Referral,Basic,15.0,Active,2025-05-14,,15,225.0,2026-07-08,24,444,0,570.7936507936508,308,3,2,2,7,0,Mid Value,0.0,Low
536,2024-04-16,North America,Organic Search,Standard,35.0,Cancelled,2024-04-16,2024-10-12,6,210.0,2024-09-13,687,179,1,570.7936507936508,309,1,1,2,4,1,Low Value,1.0,High
865,2025-02-08,North America,Organic Search,Standard,35.0,Cancelled,2025-02-08,2025-07-08,6,210.0,2025-07-08,389,150,1,570.7936507936508,310,2,1,2,5,1,Low Value,1.0,High
1016,2025-03-08,North America,Paid Ads,Standard,35.0,Cancelled,2025-03-08,2025-08-27,6,210.0,2025-08-05,361,172,1,570.7936507936508,311,2,1,2,5,1,Low Value,1.0,High
124,2024-09-08,North America,Paid Ads,Basic,15.0,Cancelled,2024-09-08,2025-08-27,12,180.0,2025-08-04,362,353,1,570.7936507936508,312,2,2,1,5,1,Low Value,1.0,High
216,2024-02-27,North America,Organic Search,Basic,15.0,Cancelled,2024-02-27,2025-01-27,12,180.0,2025-01-22,556,335,1,570.7936507936508,313,1,2,1,4,1,Low Value,1.0,High
452,2024-11-23,North America,Referral,Basic,15.0,Cancelled,2024-11-23,2025-11-04,12,180.0,2025-10-19,286,346,1,570.7936507936508,314,2,2,1,5,1,Low Value,1.0,High
168,2024-05-27,North America,Organic Search,Standard,35.0,Cancelled,2024-05-27,2024-10-15,5,175.0,2024-09-24,676,141,1,570.7936507936508,315,1,1,1,3,1,Low Value,1.0,High
225,2024-08-16,North America,Organic Search,Standard,35.0,Cancelled,2024-08-16,2024-12-15,5,175.0,2024-12-14,595,121,1,570.7936507936508,316,1,1,1,3,1,Low Value,1.0,High
246,2024-09-24,North America,Social Media,Standard,35.0,Cancelled,2024-09-24,2025-02-16,5,175.0,2025-01-22,556,145,1,570.7936507936508,317,1,1,1,3,1,Low Value,1.0,High
435,2024-06-02,North America,Referral,Standard,35.0,Cancelled,2024-06-02,2024-10-24,5,175.0,2024-09-30,670,144,1,570.7936507936508,318,1,1,1,3,1,Low Value,1.0,High
1093,2024-09-05,North America,Referral,Standard,35.0,Cancelled,2024-09-05,2025-01-26,5,175.0,2025-01-03,575,143,1,570.7936507936508,319,1,1,1,3,1,Low Value,1.0,High
191,2024-08-17,North America,Social Media,Basic,15.0,Cancelled,2024-08-17,2025-06-28,11,165.0,2025-06-13,414,315,1,570.7936507936508,320,2,2,1,5,1,Low Value,1.0,High
314,2025-04-02,North America,Organic Search,Basic,15.0,Cancelled,2025-04-02,2026-02-17,11,165.0,2026-01-27,186,321,1,570.7936507936508,321,2,2,1,5,0,Mid Value,1.0,High
315,2025-04-01,North America,Social Media,Basic,15.0,Cancelled,2025-04-01,2026-01-28,11,165.0,2026-01-26,187,302,1,570.7936507936508,322,2,2,1,5,0,Mid Value,1.0,High
385,2024-04-03,North America,Social Media,Basic,15.0,Cancelled,2024-04-03,2025-02-24,11,165.0,2025-01-28,550,327,1,570.7936507936508,323,1,2,1,4,1,Low Value,1.0,High
528,2025-05-08,North America,Organic Search,Basic,15.0,Cancelled,2025-05-08,2026-03-15,11,165.0,2026-03-04,150,311,1,570.7936507936508,324,2,2,1,5,0,Mid Value,1.0,High
662,2024-09-07,North America,Organic Search,Basic,15.0,Cancelled,2024-09-07,2025-07-08,11,165.0,2025-07-04,393,304,1,570.7936507936508,325,2,2,1,5,1,Low Value,1.0,High
763,2024-04-10,North America,Paid Ads,Basic,15.0,Cancelled,2024-04-10,2025-03-04,11,165.0,2025-02-04,543,328,1,570.7936507936508,326,1,2,1,4,1,Low Value,1.0,High
1019,2024-10-03,North America,Paid Ads,Basic,15.0,Cancelled,2024-10-03,2025-08-22,11,165.0,2025-07-30,367,323,1,570.7936507936508,327,2,2,1,5,1,Low Value,1.0,High
205,2024-05-30,North America,Paid Ads,Premium,75.0,Cancelled,2024-05-30,2024-07-10,2,150.0,2024-06-29,763,41,1,570.7936507936508,328,1,1,1,3,1,Low Value,1.0,High
248,2024-01-12,North America,Organic Search,Basic,15.0,Cancelled,2024-01-12,2024-10-08,10,150.0,2024-10-08,662,270,1,570.7936507936508,329,1,2,1,4,1,Low Value,1.0,High
441,2024-06-06,North America,Organic Search,Premium,75.0,Cancelled,2024-06-06,2024-07-30,2,150.0,2024-07-06,756,54,1,570.7936507936508,330,1,1,1,3,1,Low Value,1.0,High
607,2025-02-28,North America,Paid Ads,Premium,75.0,Cancelled,2025-02-28,2025-04-04,2,150.0,2025-03-30,489,35,1,570.7936507936508,331,1,1,1,3,1,Low Value,1.0,High
632,2024-05-10,North America,Paid Ads,Basic,15.0,Cancelled,2024-05-10,2025-02-17,10,150.0,2025-02-04,543,283,1,570.7936507936508,332,1,2,1,4,1,Low Value,1.0,High
743,2024-02-27,North America,Referral,Premium,75.0,Cancelled,2024-02-27,2024-04-17,2,150.0,2024-03-28,856,50,1,570.7936507936508,333,1,1,1,3,1,Low Value,1.0,High
875,2025-03-07,North America,Organic Search,Basic,15.0,Cancelled,2025-03-07,2025-12-03,10,150.0,2025-12-02,242,271,1,570.7936507936508,334,2,2,1,5,1,Low Value,1.0,High
1030,2025-02-23,North America,Organic Search,Basic,15.0,Cancelled,2025-02-23,2025-11-25,10,150.0,2025-11-20,254,275,1,570.7936507936508,335,2,2,1,5,1,Low Value,1.0,High
407,2025-01-31,North America,Social Media,Standard,35.0,Cancelled,2025-01-31,2025-05-07,4,140.0,2025-05-01,457,96,1,570.7936507936508,336,1,1,1,3,1,Low Value,1.0,High
689,2025-05-03,North America,Social Media,Standard,35.0,Cancelled,2025-05-03,2025-08-29,4,140.0,2025-08-01,365,118,1,570.7936507936508,337,2,1,1,4,1,Low Value,1.0,High
109,2024-02-28,North America,Organic Search,Basic,15.0,Cancelled,2024-02-28,2024-10-25,9,135.0,2024-10-25,645,240,1,570.7936507936508,338,1,2,1,4,1,Low Value,1.0,High
690,2024-05-08,North America,Paid Ads,Basic,15.0,Cancelled,2024-05-08,2025-01-15,9,135.0,2025-01-03,575,252,1,570.7936507936508,339,1,2,1,4,1,Low Value,1.0,High
1055,2025-02-22,North America,Organic Search,Basic,15.0,Cancelled,2025-02-22,2025-11-11,9,135.0,2025-10-20,285,262,1,570.7936507936508,340,2,2,1,5,1,Low Value,1.0,High
327,2025-04-26,North America,Paid Ads,Basic,15.0,Cancelled,2025-04-26,2025-11-27,8,120.0,2025-11-22,252,215,1,570.7936507936508,341,2,1,1,4,1,Low Value,1.0,High
368,2024-05-16,North America,Paid Ads,Basic,15.0,Cancelled,2024-05-16,2025-01-09,8,120.0,2024-12-12,597,238,1,570.7936507936508,342,1,1,1,3,1,Low Value,1.0,High
786,2025-05-08,North America,Referral,Basic,15.0,Cancelled,2025-05-08,2025-12-25,8,120.0,2025-12-04,240,231,1,570.7936507936508,343,2,1,1,4,1,Low Value,1.0,High
950,2025-02-21,North America,Paid Ads,Basic,15.0,Cancelled,2025-02-21,2025-10-13,8,120.0,2025-09-19,316,234,1,570.7936507936508,344,2,1,1,4,1,Low Value,1.0,High
978,2024-08-02,North America,Referral,Basic,15.0,Cancelled,2024-08-02,2025-03-21,8,120.0,2025-02-28,519,231,1,570.7936507936508,345,1,1,1,3,1,Low Value,1.0,High
1032,2024-11-27,North America,Paid Ads,Basic,15.0,Cancelled,2024-11-27,2025-07-17,8,120.0,2025-06-25,402,232,1,570.7936507936508,346,2,1,1,4,1,Low Value,1.0,High
325,2024-08-13,North America,Paid Ads,Basic,15.0,Cancelled,2024-08-13,2025-03-07,7,105.0,2025-02-09,538,206,1,570.7936507936508,347,1,1,1,3,1,Low Value,1.0,High
547,2024-11-27,North America,Paid Ads,Basic,15.0,Cancelled,2024-11-27,2025-06-06,7,105.0,2025-05-26,432,191,1,570.7936507936508,348,1,1,1,3,1,Low Value,1.0,High
581,2024-01-26,North America,Paid Ads,Basic,15.0,Cancelled,2024-01-26,2024-08-17,7,105.0,2024-07-24,738,204,1,570.7936507936508,349,1,1,1,3,1,Low Value,1.0,High
923,2024-02-01,North America,Organic Search,Basic,15.0,Cancelled,2024-02-01,2024-08-25,7,105.0,2024-07-30,732,206,1,570.7936507936508,350,1,1,1,3,1,Low Value,1.0,High
933,2024-09-23,North America,Paid Ads,Basic,15.0,Cancelled,2024-09-23,2025-04-08,7,105.0,2025-03-22,497,197,1,570.7936507936508,351,1,1,1,3,1,Low Value,1.0,High
948,2024-09-03,North America,Referral,Basic,15.0,Cancelled,2024-09-03,2025-03-20,7,105.0,2025-03-02,517,198,1,570.7936507936508,352,1,1,1,3,1,Low Value,1.0,High
186,2024-06-09,North America,Paid Ads,Basic,15.0,Cancelled,2024-06-09,2024-11-28,6,90.0,2024-11-06,633,172,1,570.7936507936508,353,1,1,1,3,1,Low Value,1.0,High
625,2024-01-14,North America,Organic Search,Basic,15.0,Cancelled,2024-01-14,2024-06-17,6,90.0,2024-06-12,780,155,1,570.7936507936508,354,1,1,1,3,1,Low Value,1.0,High
759,2025-04-19,North America,Paid Ads,Basic,15.0,Cancelled,2025-04-19,2025-09-22,6,90.0,2025-09-16,319,156,1,570.7936507936508,355,2,1,1,4,1,Low Value,1.0,High
1075,2025-01-17,North America,Social Media,Basic,15.0,Cancelled,2025-01-17,2025-06-19,6,90.0,2025-06-16,411,153,1,570.7936507936508,356,2,1,1,4,1,Low Value,1.0,High
335,2024-12-01,North America,Organic Search,Basic,15.0,Cancelled,2024-12-01,2025-04-14,5,75.0,2025-03-31,488,134,1,570.7936507936508,357,1,1,1,3,1,Low Value,1.0,High
726,2024-06-23,North America,Social Media,Basic,15.0,Cancelled,2024-06-23,2024-10-28,5,75.0,2024-10-21,649,127,1,570.7936507936508,358,1,1,1,3,1,Low Value,1.0,High
793,2024-01-14,North America,Paid Ads,Basic,15.0,Cancelled,2024-01-14,2024-05-19,5,75.0,2024-05-13,810,126,1,570.7936507936508,359,1,1,1,3,1,Low Value,1.0,High
1013,2024-07-07,North America,Organic Search,Basic,15.0,Cancelled,2024-07-07,2024-11-18,5,75.0,2024-11-04,635,134,1,570.7936507936508,360,1,1,1,3,1,Low Value,1.0,High
1077,2025-03-22,North America,Paid Ads,Basic,15.0,Cancelled,2025-03-22,2025-08-10,5,75.0,2025-07-20,377,141,1,570.7936507936508,361,2,1,1,4,1,Low Value,1.0,High
233,2024-07-03,North America,Organic Search,Standard,35.0,Cancelled,2024-07-03,2024-08-20,2,70.0,2024-08-02,729,48,1,570.7936507936508,362,1,1,1,3,1,Low Value,1.0,High
316,2024-07-23,North America,Social Media,Standard,35.0,Cancelled,2024-07-23,2024-08-23,2,70.0,2024-08-22,709,31,1,570.7936507936508,363,1,1,1,3,1,Low Value,1.0,High
336,2024-01-08,North America,Referral,Standard,35.0,Cancelled,2024-01-08,2024-02-26,2,70.0,2024-02-07,906,49,1,570.7936507936508,364,1,1,1,3,1,Low Value,1.0,High
490,2024-12-30,North America,Paid Ads,Standard,35.0,Cancelled,2024-12-30,2025-02-02,2,70.0,2025-01-29,549,34,1,570.7936507936508,365,1,1,1,3,1,Low Value,1.0,High
805,2025-02-25,North America,Social Media,Standard,35.0,Cancelled,2025-02-25,2025-04-15,2,70.0,2025-03-27,492,49,1,570.7936507936508,366,1,1,1,3,1,Low Value,1.0,High
917,2024-11-25,North America,Social Media,Standard,35.0,Cancelled,2024-11-25,2025-01-16,2,70.0,2024-12-25,584,52,1,570.7936507936508,367,1,1,1,3,1,Low Value,1.0,High
1086,2025-05-01,North America,Referral,Standard,35.0,Cancelled,2025-05-01,2025-06-27,2,70.0,2025-05-31,427,57,1,570.7936507936508,368,1,1,1,3,1,Low Value,1.0,High
244,2025-01-30,North America,Paid Ads,Basic,15.0,Cancelled,2025-01-30,2025-05-26,4,60.0,2025-04-30,458,116,1,570.7936507936508,369,1,1,1,3,1,Low Value,1.0,High
704,2024-10-29,North America,Social Media,Basic,15.0,Cancelled,2024-10-29,2025-02-05,4,60.0,2025-01-27,551,99,1,570.7936507936508,370,1,1,1,3,1,Low Value,1.0,High
883,2025-05-14,North America,Paid Ads,Basic,15.0,Cancelled,2025-05-14,2025-08-12,4,60.0,2025-08-12,354,90,1,570.7936507936508,371,2,1,1,4,1,Low Value,1.0,High
234,2024-02-16,North America,Social Media,Basic,15.0,Cancelled,2024-02-16,2024-04-20,3,45.0,2024-04-16,837,64,1,570.7936507936508,372,1,1,1,3,1,Low Value,1.0,High
357,2024-10-26,North America,Paid Ads,Basic,15.0,Cancelled,2024-10-26,2025-01-16,3,45.0,2024-12-25,584,82,1,570.7936507936508,373,1,1,1,3,1,Low Value,1.0,High
633,2025-03-20,North America,Organic Search,Basic,15.0,Cancelled,2025-03-20,2025-06-17,3,45.0,2025-05-19,439,89,1,570.7936507936508,374,1,1,1,3,1,Low Value,1.0,High
149,2024-12-13,North America,Social Media,Basic,15.0,Cancelled,2024-12-13,2025-02-10,2,30.0,2025-01-12,566,59,1,570.7936507936508,375,1,1,1,3,1,Low Value,1.0,High
160,2025-04-29,North America,Paid Ads,Basic,15.0,Cancelled,2025-04-29,2025-06-26,2,30.0,2025-05-29,429,58,1,570.7936507936508,376,1,1,1,3,1,Low Value,1.0,High
518,2025-02-17,North America,Organic Search,Basic,15.0,Cancelled,2025-02-17,2025-03-26,2,30.0,2025-03-19,500,37,1,570.7936507936508,377,1,1,1,3,1,Low Value,1.0,High
1092,2025-02-10,North America,Paid Ads,Basic,15.0,Cancelled,2025-02-10,2025-03-27,2,30.0,2025-03-12,507,45,1,570.7936507936508,378,1,1,1,3,1,Low Value,1.0,High
